year,Date,Aluminium,Banana,Beef,Cocoa,Coffee_Arabica,Coffee_Robusta,Copper,Cotton,Groundnuts,Iron,Lamb,Wood,Nickel,Oil,Swine,Fish,Sugar,Tea,Uranium
1980,1980M1,2054.86,401.96,136.36,3167.16,168.67,162.56,2592.63,88.72,980.08,12.15,117.23,146.08,6584.8,35.64,72.42,7.45,17.3,225.18,40
1980,1980M2,2131.01,372.19,134.55,3236.82,164.83,162,2916.71,97.21,1000.38,12.15,122.01,159.57,6978.93,35.09,65.53,7.6,22.75,233.09,38
1980,1980M3,1978.38,422.91,118,3091.1,184.38,169.89,2303.83,93.53,1009.4,12.15,119.32,155.28,6733.79,36.01,65,7.4,19.63,226.83,35
1980,1980M4,1932.46,395.9,114.51,2910.1,180.81,162.9,2074.55,90.56,1015.04,12.15,132.72,152.79,6233.37,35.09,51.86,7.43,21.25,221.81,32
1980,1980M5,1775.8,444.97,110.5,2585.8,190.54,174.06,2076.75,88.4,1035.34,12.15,142.07,162.74,6000.77,35.72,54.9,7.69,30.94,229.61,32
1980,1980M6,1668.96,342.41,113.89,2498.05,181.41,169.01,2006.2,84.14,1043.23,12.15,141.63,164.43,6294.83,35.54,62.47,8.02,30.8,235.41,31.5
1980,1980M7,1758.07,351.78,124.96,2464.77,155.67,147.94,2175.96,88.87,992.48,12.15,146.38,141.14,6622.17,34.33,84.68,8.32,27.7,222.29,31.5
1980,1980M8,1783.63,342.41,132.51,2312.21,135.99,132.05,2081.16,96.37,1060.15,12.15,140.96,134.52,6584.51,31.88,102.72,8.47,31.77,226.04,30
1980,1980M9,1655.07,352.89,129.15,2386.06,125.88,124.96,2059.11,101.12,1353.38,12.15,132.49,159.13,6655.36,31.91,101.18,8.57,34.74,209.75,28.5
1980,1980M10,1626.15,325.32,129.83,2305.37,126.09,125.49,2045.89,98.69,1917.29,12.15,134.36,105.06,6691.95,37.25,108.96,8.51,40.55,203.66,28
1980,1980M11,1503.91,379.35,133.25,2173.76,114.86,116.36,2010.61,98.03,2706.77,12.15,124.2,107.98,6452.67,40.97,112.69,8.35,37.81,223.57,28
1980,1980M12,1430.66,369.98,124.77,2109.82,121.21,118.54,1878.34,99.16,2622.18,12.15,120.62,109.44,6390.91,39.05,102.33,7.98,28.79,216.25,27
1981,1981M1,1430.83,387.62,121.73,2093.07,127.98,122.13,1876.13,99.51,2255.64,12.15,133.28,112.35,6403.77,38.69,92.77,7.75,27.78,217.38,25
1981,1981M2,1452.38,435.6,116.75,2040.82,125.11,115.48,1803.38,95.85,1691.73,12.15,134.12,109.12,6370.75,36.75,93.33,7.37,24.09,222.84,25
1981,1981M3,1442.95,459.31,113.3,2115.77,125.93,113.92,1816.61,91.72,1578.95,12.15,124.75,106.78,6292.43,36.44,76.68,7.39,21.81,221.72,25
1981,1981M4,1369.23,425.67,114.8,2109.6,128.2,112.93,1823.22,88.65,1590.23,12.15,136.17,102.29,6307.06,35.7,92.34,7.27,17.83,216.14,25
1981,1981M5,1297,449.93,112.95,1933.01,125.93,108.38,1746.06,87.51,1587.97,12.15,146.3,104.56,6352.16,33.32,85.2,7.02,15.08,208.2,25
1981,1981M6,1232.41,388.18,110.48,1660.3,111.94,85.23,1699.76,86.36,1382.71,12.15,135.45,102.43,6169.46,31.6,105.26,6.9,16.38,199.41,24.25
1981,1981M7,1175.31,329.73,109.5,2048.31,120.01,88.25,1682.12,85.27,1325.19,12.15,113.13,91.62,6150.34,31.63,102.37,6.85,16.34,186.55,23.5
1981,1981M8,1230.83,305.47,109.5,2246.95,124.09,90.39,1787.95,80.72,1233.83,12.15,101.22,88.84,5999.12,31.99,110.38,6.92,14.76,175.42,23.5
1981,1981M9,1168.91,435.04,111.5,2337.12,126.02,88.88,1706.38,77.24,1179.7,12.15,112.4,88.2,5579.06,31.77,113.59,7.21,11.65,179.87,23.5
1981,1981M10,1140.18,389.28,110.38,2172.65,136.41,98.51,1664.49,75,1103.01,12.15,120.59,92.25,5216.71,32.61,105.3,7.33,12.04,192.57,23.5
1981,1981M11,1081.85,395.9,107.53,2056.47,143.79,106.33,1651.26,72.01,1069.17,12.15,122.25,102.43,5100.25,34.05,105.35,7.5,11.97,201.11,23.5
1981,1981M12,1130.88,416.3,107.04,2104.53,141.67,104.52,1655.67,67.75,1019.55,12.15,120.07,118.31,5496.03,33.91,95.83,7.48,12.98,201.77,23.5
1982,1982M1,1113.26,425.12,108,2188.09,143.9,106.01,1613.78,69.97,1012.78,14.05,135.3,120.11,5628.9,33.81,117.35,7.33,12.9,202.76,23
1982,1982M2,1087.71,383.21,108,2087.11,155,115.63,1596.14,69.98,978.95,14.05,124.7,109.64,5716.76,29.96,126.94,7.15,13.08,207.37,23
1982,1982M3,1029.24,421.81,108,1947.78,144.83,112.83,1512.37,70.44,964.29,14.05,121.3,107.8,5653.36,28.25,124.9,7.06,11.26,194.98,22.5
1982,1982M4,996.21,476.4,109,1745.4,141.4,106.67,1521.19,71.15,945.11,14.05,116.65,105.16,5394.05,30.44,139.41,6.97,9.58,186.47,20.75
1982,1982M5,973.29,438.35,109.5,1714.97,137,102.97,1530.01,76.69,904.51,14.05,116.39,107.5,5211.84,33.22,151.54,7.09,8.11,186.91,20.5
1982,1982M6,918.85,399.76,108,1571.67,141.02,102.85,1309.54,75.64,868.42,14.05,110.6,96.34,5186.7,32.66,143.5,6.81,6.84,183.51,19.25
1982,1982M7,957.85,326.97,101,1578.29,131.11,99.57,1439.62,78.47,900,14.05,108.83,96.1,5068.58,31.49,158.28,6.61,7.8,175.73,18.25
1982,1982M8,958.86,302.71,101.7,1559.55,132.83,103.79,1450.64,76.4,868.42,14.05,104.03,95.17,4953.03,31.05,178.24,6.27,6.77,178.13,17
1982,1982M9,959.53,347.92,110,1686.09,136.73,112,1424.18,72.82,845.86,14.05,100.73,95.63,4310.3,32.88,172.53,6.15,5.77,191.34,17
1982,1982M10,951.48,299.4,112.5,1638.03,141.18,118.27,1463.87,70.21,959.77,14.05,95.88,91.88,3916.51,33.23,141.55,5.99,5.93,201.46,17.5
1982,1982M11,965.15,333.04,112.5,1541.25,137.86,123.15,1444.03,69.04,978.95,14.05,85.84,95.18,3433.66,31.48,135.52,6,6.52,197.8,19.75
1982,1982M12,987.39,342.96,112.5,1643.54,133.79,128.76,1474.89,69.26,972.18,14.05,83.54,102.77,3576.27,30.06,138.57,6.2,6.31,211.58,20.25
1983,1983M1,1076.53,338,103.6,1784.2,128.53,124.71,1574.1,71.88,947.37,12.54,81.3,100.25,3796.96,30.44,151.54,6.21,6.03,216.85,21.5
1983,1983M2,1230.46,380.3,108,1942.27,125.87,122.15,1649.06,74.32,924.81,12.54,77.5,80.01,4228.2,28.91,137.57,6.17,6.43,205.25,21.75
1983,1983M3,1301.73,406.8,113.1,1859.38,124.27,119.99,1598.35,79.11,919.17,12.54,84.73,77.38,4831.77,28.13,122.98,6.11,6.2,197.78,22.25
1983,1983M4,1363.57,479.3,115.4,1877.23,123.96,120.42,1675.51,80.22,942.86,12.54,96.64,80.4,4817.79,29.49,122.63,6.14,6.71,203.64,23.25
1983,1983M5,1453.43,554.2,115.1,2065.07,128.15,122.64,1765.9,81.96,930.45,12.54,95.87,85.17,5031.53,29.16,113.63,6.17,9.24,200.69,23.5
1983,1983M6,1465.58,504.6,111.9,2297.66,126.4,120.55,1701.97,86.01,937.22,12.54,89.55,82.27,4883.16,29.79,114.36,5.89,10.74,187.41,23.5
1983,1983M7,1520.21,503.1,111.5,2302.73,127.86,121.01,1704.17,88.44,938.35,12.54,87.61,81.71,4804.04,30.35,111.75,5.7,10.53,193.83,24
1983,1983M8,1603.67,464.1,112.5,2302.95,129.31,120.9,1640.24,90.8,1071.43,12.54,88.08,88.87,4852.76,30.55,124.82,5.46,10.56,200.44,24
1983,1983M9,1613.73,418.9,111.83,2138.04,132.56,122.1,1560.87,89.85,1466.17,12.54,88.86,92.42,4910.52,29.99,105.41,5.48,9.43,214.49,24
1983,1983M10,1566.26,411.5,111.22,2094.39,141.28,130.34,1435.21,88.11,1437.97,12.54,89.69,106.42,4674.15,29.39,92.75,5.56,9.69,260.26,23.5
1983,1983M11,1516.73,342.5,109.17,2219.61,145.55,130.38,1388.91,89.12,1285.71,12.54,88.72,108.11,4585.17,28.92,96.85,5.45,8.33,347.84,22.5
1983,1983M12,1549.34,342.4,104.74,2540.82,146.54,134.21,1415.37,89.36,1263.16,12.54,86.06,111.87,4657,28.51,101.56,5.3,7.69,361.09,22
1984,1984M1,1548.91,341.7,102.6,2621.95,143.14,134.5,1375.68,87.8,1218.05,11.31,84.5,111.87,4670.48,28.98,120.33,5.24,6.97,428.75,20.5
1984,1984M2,1491.16,416.52,106.1,2497.39,145.72,137.19,1428.59,87.44,1082.71,11.31,85.28,111.87,4639.91,29.17,103,5.39,6.63,372.07,17.5
1984,1984M3,1455.76,413.64,108,2536.19,148.21,138.88,1501.35,88.43,1099.62,11.31,88.78,126.49,4780.83,29.55,104.38,5.64,6.43,367.2,17
1984,1984M4,1370.35,414.5,112,2536.42,150.4,137.58,1532.21,88.99,1071.43,11.31,94.57,137.66,4911.41,29.53,112.11,5.67,6,353.67,17.75
1984,1984M5,1289.14,426.22,108.64,2677.51,149.94,146.28,1419.78,88.88,1026.32,11.31,94.99,140.47,4811.42,29.42,107.49,5.61,5.61,355.45,17.75
1984,1984M6,1275.03,458.89,105.83,2485.05,146.66,143.67,1364.66,83.73,1040.98,11.31,94.08,131.55,4773.23,28.99,127.21,5.54,5.52,317.71,17.5
1984,1984M7,1162.81,366.63,101.32,2216.52,143.37,138.32,1331.59,78.99,947.37,11.31,89.33,110.17,4640.18,27.9,120.13,5.22,4.54,287.61,17.5
1984,1984M8,1136.01,339.62,102.26,2213.66,145.29,140.11,1338.2,75.52,789.47,11.31,88.82,106.39,4736.07,28.19,116.49,5.09,4.05,293.13,17.5
1984,1984M9,1012.17,378.93,99.09,2311.1,140.24,142.05,1294.11,73.16,710.53,11.31,84.89,101.49,4705.64,28.35,112.6,4.95,4.1,341.72,17.5
1984,1984M10,1027.65,308.87,95.48,2257.31,136.12,135.01,1272.07,73.62,738.72,11.31,82.33,97.32,4750.29,28,99.53,4.83,4.65,361.89,16
1984,1984M11,1154.66,269,95.32,2255.11,140.25,135.47,1344.82,72.67,812.03,11.31,84.37,95.38,4748.4,27.59,112.51,4.95,4.38,343.13,15.5
1984,1984M12,1095.7,299.22,100.67,2140.47,140.64,129.13,1320.57,71.99,784.96,11.31,80.49,89.47,4858.98,26.88,121.72,4.93,3.55,325.73,15.25
1985,1985M1,1075.85,376.27,102.93,2219.61,145.58,127.9,1358.05,71.4,769.17,11.49,79.49,79.71,4947.17,26.63,126.53,4.95,3.61,315.33,15
1985,1985M2,1097.9,442.36,105,2273.4,143.73,124.67,1388.91,68.67,750,11.49,76.97,76.63,5050.79,27.56,121.76,4.93,3.69,279.72,15
1985,1985M3,1095.26,453.7,102.07,2232.4,141.27,124.02,1389.35,67.21,766.92,11.49,78.27,77.13,5211.72,27.91,120.84,5,3.83,243.02,15
1985,1985M4,1108.92,484.41,96.68,2240.78,140.66,123.25,1501.35,66.26,833.46,11.49,84.48,80.77,5489.5,27.84,110.55,5.42,3.42,219.12,14.25
1985,1985M5,1104.51,457.51,94.88,2129,141.94,121.41,1530.01,65.07,866.17,11.49,84.05,80.77,5604.14,26.66,108.58,5.47,2.82,165.59,15
1985,1985M6,1031.76,380.5,94.98,2091.74,141.16,120.54,1433,63,857.14,11.49,85.39,78.07,5553.44,26.35,131.84,5.53,2.78,164.07,15
1985,1985M7,1011.92,320.5,93.05,2209.91,134.31,107.29,1474.89,61.1,750,11.49,90.83,81.89,5090.47,26.63,119.75,5.73,3.18,156.44,11.85
1985,1985M8,1018.53,421.9,93.72,2275.39,132.93,106.81,1419.78,57,770,11.49,89.62,79.45,4907.48,27.13,105.88,5.85,4.39,158.75,15.75
1985,1985M9,985.47,361.5,93.72,2342.19,133.07,105.11,1366.86,54.2,770,11.49,83.62,76.41,4570.18,27.52,97.73,5.75,5.12,161.91,11.7
1985,1985M10,970.03,278.3,97,2363.13,140.48,112.48,1384.5,48.84,726.52,11.49,82.53,84.74,4239.48,28.29,98.48,6.03,5.01,173.46,16
1985,1985M11,950.19,275,97,2297.66,154.85,128.03,1369.07,48.12,720,11.49,83.53,93.99,4034.45,29.18,97.67,6.08,5.48,177.52,16
1985,1985M12,1038.38,284.9,101,2379.45,196.77,153.4,1391.12,48.19,720,11.49,83.92,97.37,4089.57,26.75,109.35,6.25,5.32,165.46,11.7
1986,1986M1,1119.95,329,99,2323.67,235.3,172.22,1417.57,51.82,665.22,11.36,82.64,99.64,4034.45,22.33,115.06,6.38,4.84,180.18,17
1986,1986M2,1115.54,386.4,98,2218.51,226.52,163.32,1404.34,54.51,632,11.36,82.93,105.3,3988.16,16.38,96.81,6.67,5.56,188.8,17.08
1986,1986M3,1168.45,499.9,99.4,2107.18,237.62,169.79,1444.03,52.24,616.19,11.36,89.45,93.57,4135.87,12.77,95.17,6.67,7.04,201.5,17.17
1986,1986M4,1164.04,577.6,93.62,1989.67,224.07,157.53,1433,48.5,616.36,11.36,91.3,96.09,4085.16,11.89,91.34,6.5,8.33,201.22,17.25
1986,1986M5,1164.04,387.5,93.68,1905.67,208.74,142.56,1417.57,45.42,722.73,11.36,97.44,104.18,4043.27,13.49,116.24,6.11,7.67,188.89,17.17
1986,1986M6,1183.88,345,91.54,1905.67,174.54,125.79,1413.16,41.03,720.95,11.36,108.49,94.68,4087.37,11.95,136.71,6.09,6.34,175.51,17.08
1986,1986M7,1122.15,330.7,87.44,2022.3,170.63,126.42,1344.82,37.44,841.74,11.36,105.65,95.18,3911,9.88,170.24,6.33,5.55,176.26,17
1986,1986M8,1128.77,320.8,90.64,2068,172.23,135.17,1302.93,37.03,1119.29,11.36,90.67,93.01,3807.38,13.42,168.01,6.55,5.57,190.68,17
1986,1986M9,1205.93,423.8,94.88,2206,198.36,163.8,1309.54,43.5,1108.64,11.36,94.26,85.41,3723.6,14.03,139.07,6.61,4.68,202.76,17
1986,1986M10,1161.83,374.8,95.6,2073,175.91,148.58,1316.16,51.23,1299.13,11.36,89.24,84.31,3644.24,14.01,114.08,6.63,5.39,207.32,17
1986,1986M11,1130.97,293.8,97,2024,154.63,148.67,1302.93,52.81,1066.25,11.36,88.27,97.37,3642.03,14.47,118.48,6.5,5.95,206.26,16.75
1986,1986M12,1130.97,311.4,99,1976,134.31,126.02,1331.59,59.71,860,11.36,90.51,118.73,3562.67,15.44,121.37,6.66,5.7,194.81,16.65
1987,1987M1,1170.65,421.6,99,1976,121.75,113.81,1344.82,65.68,780.45,10.94,94.9,127.46,3525.19,18.1,124.39,7.16,6.48,197.78,16.65
1987,1987M2,1283.09,461.9,103.29,1965,119.6,110.45,1380.09,65.85,617.5,10.94,96,123.95,3716.99,17.28,108.71,7.5,7.39,184.05,16.83
1987,1987M3,1369.07,449.2,105.56,2011,102.04,98.28,1463.87,63.09,566.14,10.94,99.4,121.49,3772.1,17.74,113.44,7.7,7.56,183.2,17
1987,1987M4,1399.93,350.5,108.68,2072,106.3,101.17,1483.71,65.85,555.73,10.94,99.6,132,3897.77,18.05,123.24,7.99,6.68,149.53,17
1987,1987M5,1410.96,454.7,109,2068,116.38,105.69,1518.98,76.9,565.71,10.94,101.05,126.28,4435.7,18.41,125.18,8.26,6.71,144.15,17
1987,1987M6,1472.69,382.5,105.1,1997,103.72,98.23,1571.89,79.3,580,10.94,98.63,128.82,4435.7,18.71,146.25,8.24,6.44,134.05,16.9
1987,1987M7,1653.47,435.4,105.76,2127.1,98.56,92.5,1693.15,83.24,580,10.94,95.99,133.81,4753.16,19.62,156.72,8.25,6.1,153.25,16.75
1987,1987M8,1809.99,338.4,104,2022,100.9,94.8,1754.88,86.6,580,10.94,93,161.54,5306.52,18.88,149.76,8.26,5.62,158.35,17
1987,1987M9,1746.06,354.4,113.7,1988,110,99.48,1809.99,83.61,580,10.94,97.02,228.72,5332.98,18.32,111.19,8.32,5.82,160.21,16.65
1987,1987M10,1962.11,270.1,114,1913,118.26,103.83,1966.52,76.19,580,10.94,95.11,233.92,5692.33,18.63,94.22,8.23,6.65,184.91,16.65
1987,1987M11,1679.92,410.1,116.04,1938,124.77,105.76,2519.88,75.83,580,10.94,101,251.57,5937.04,17.87,87.04,8.37,7.33,192.41,16.75
1987,1987M12,1823.22,388,113.97,1896,125.22,104.05,2866.01,75.08,580,10.94,109.67,240,7661.05,16.77,79.8,8.43,8.3,207.03,16.65
1988,1988M1,2001.79,448.1,113,1973,126.38,103.19,2660.98,72.19,614.29,10.51,112.7,204.25,8073.32,16.5,96.25,8.47,9.67,212.32,16.45
1988,1988M2,2138.48,485.6,118.57,1799,137.14,104.09,2328.08,67.49,645.95,10.51,109.93,155.81,8666.36,15.9,91.25,7.53,8.43,193.7,16.3
1988,1988M3,2526.49,525.8,117.5,1685,134.74,99.82,2358.94,66.34,645,10.51,115.1,158.11,15496.27,14.86,85.71,7.63,8.52,191.66,15.9
1988,1988M4,2508.86,482.3,113,1649,134.3,96.6,2283.99,65.75,595,10.51,117.2,172.59,18011.75,16.42,81.88,7.79,8.54,184.29,15.9
1988,1988M5,2987.26,558.3,110,1698,136.39,94.94,2442.72,65.58,595,10.51,115.62,172.82,17024.08,16.36,87.78,7.62,8.9,170.76,15.4
1988,1988M6,3578.1,595.2,109.9,1624,141.83,94.15,2539.72,68.78,595,10.51,110.12,163.94,15588.87,15.49,84.53,7.73,10.57,166.29,15.1
1988,1988M7,2581.61,416.7,110.8,1610,139.24,85.39,2213.44,63.43,744.76,10.51,104.9,156.64,14592.38,14.47,75.57,7.59,14.02,146.2,15.1
1988,1988M8,2700.66,358.3,113.9,1448,128.89,81.58,2200.21,58.41,646.09,10.51,103,150.6,14186.73,14.57,70.94,6.87,11.18,148.12,14.75
1988,1988M9,2387.6,534.6,113.9,1239,134.83,89.98,2433.9,56.74,650,10.51,102.2,152.37,11878.49,13.22,62.81,6.64,10.16,164.59,14.15
1988,1988M10,2308.24,420.5,116.5,1304,130.43,95.24,2936.55,57.64,637.14,10.51,104.66,168.52,11556.62,12.23,65.06,6.96,10.28,181.34,13.2
1988,1988M11,2380.99,410.6,116.5,1473,132.09,94.13,3302.52,58.61,636.82,10.51,108.3,176.49,13342.36,12.53,62.86,6.57,10.84,192.64,12.3
1988,1988M12,2458.15,501.6,116.5,1503,144.95,102.17,3496.53,61.26,684.09,10.51,109.74,174.41,16920.46,14.68,65.87,6.24,11.22,195.76,12
1989,1989M1,2398.63,427.1,110.51,1435,149.5,102.83,3392.91,63.13,752.95,12.03,105.5,169.47,17725.14,16.45,68.12,6.2,9.8,193.03,11.6
1989,1989M2,2175.6,492.7,112.91,1483.89,137.57,96.55,3095.29,62.96,774.25,12.03,104.53,168.76,18582.47,16.52,58.62,6.19,10.54,181.69,11.35
1989,1989M3,2074.55,700,110.66,1413,139.38,95.61,3262.84,66.02,767.83,12.03,102.9,165.4,17156.35,18.1,57.06,5.99,11.5,178,11.2
1989,1989M4,2125.8,720.9,110.94,1290,143.06,91.73,3117.33,73.75,775.75,12.03,108.39,163.25,15261.5,19.39,47.69,5.93,12.16,171.83,10.2
1989,1989M5,2259,658.6,110.22,1205,138.65,92,2738.14,77.34,795.65,12.03,105.86,155.85,13454,18.22,54.94,5.58,11.98,169.1,9.85
1989,1989M6,1914,526.9,110.48,1252,123.21,84.55,2544.13,78.86,864.55,12.03,102.1,172.45,12143,17.8,58.21,5.33,12.61,176.81,9.8
1989,1989M7,1756,448.1,113.07,1351.49,85.91,65.78,2503.79,83.01,839.52,12.03,106.56,176.21,12275,17.67,57.08,5.03,14.01,193.73,9.8
1989,1989M8,1798,510.4,115.58,1292,77.4,59.35,2760.18,82.97,739.78,12.03,105,175.72,12910,16.87,53.64,4.81,14.05,184,9.6
1989,1989M9,1718,517,120.09,1140,77.84,60.66,2883.64,81.45,747.14,12.03,104.45,168.47,11222,17.69,64.98,4.81,14.13,214.74,9.6
1989,1989M10,1820,551.2,124.5,1064,67.76,53.83,2859.39,82.1,777.27,12.03,106.79,167.11,10425,18.41,70.37,4.92,14.44,261.53,9.4
1989,1989M11,1736,512.6,128.1,1010,70.72,53.23,2590.43,82.13,798.18,12.03,103.34,165.26,9793,18.38,96.26,4.89,15.02,235.31,9.3
1989,1989M12,1633,496,130.5,970,72.55,52.15,2418.47,77.62,829.52,12.03,108.33,160.1,8809,19.37,80.19,4.83,13.43,254.33,9
1990,1990M1,1528,589.7,126.31,995,75.83,50.52,2365.56,75.2,864.35,14.05,111.9,156.04,7056,20.59,93.15,5.2,14.2,252.93,9
1990,1990M2,1454,644.9,111.46,1022,84.01,51.3,2358.94,75.96,823.75,14.05,116.17,153.1,6977,19.68,80,5.65,14.65,211.29,8.8
1990,1990M3,1567,538.5,112.67,1131,93.96,57.68,2625.7,78.9,795.91,14.05,114.08,145.55,9267,18.12,79.91,5.61,15.31,192.6,8.8
1990,1990M4,1526,584.2,112.13,1336,93.73,57.39,2685.23,82.87,761.43,14.05,121.11,145.14,8939,16.32,99.64,5.63,15.24,194.81,8.65
1990,1990M5,1527,494.4,112.49,1443,92.02,55.03,2740.34,85.6,768.48,14.05,122.52,155.67,8698,16.21,115.68,5.8,14.62,187.02,9.35
1990,1990M6,1566,529.1,113.58,1330,88.26,52.38,2583.81,90.18,767.38,14.05,123.41,163.59,8422,14.93,121.46,5.67,12.97,181.49,11
1990,1990M7,1571,625.6,116.07,1346,86.48,51.47,2769,91.79,778.18,14.05,125.57,170.92,9318,16.81,96.19,5.74,12,189.79,11.6
1990,1990M8,1782,546.4,120.39,1284,94.42,55.1,2956.4,81.28,963.04,14.05,125.38,170.64,10957,26.54,93.97,5.92,10.93,174.55,11.45
1990,1990M9,2067,523.6,122.33,1371,94.92,57.09,3040.17,81.28,1252.5,14.05,124.07,170.65,10844,33.62,95.68,6.29,11.02,185.25,10.5
1990,1990M10,1946,490.7,117.26,1309,91.41,58.05,2742.55,81.36,1780.43,14.05,125.46,174.52,9145,34.85,113.63,6.35,9.39,220.2,8.5
1990,1990M11,1618,427.1,114.95,1352,84.84,56.79,2583.81,82.43,1743.18,14.05,123.73,161.48,8587,31.54,110.74,6.46,10.06,228.6,9.5
1990,1990M12,1522,496,115.56,1297,89.89,57.04,2484.61,83.86,1488.1,14.05,120.32,156.07,8158,26.61,106.5,6.5,9.74,219.95,9.7
1991,1991M1,1515,596.69,117.62,1242,86.32,53.92,2447.13,83.71,1319.57,15.03,119.23,155.69,8569,22.81,120.18,6.34,8.8,236.19,9.1
1991,1991M2,1505,693.77,123.96,1215,89.57,52.46,2447.13,84.88,1668.75,15.03,120.89,159.74,8672,18.53,106.67,6.41,8.51,200.35,9.5
1991,1991M3,1496,837.23,117.56,1211,93.72,52.13,2409.65,84.23,1700,15.03,111,151.92,8700,18.21,109.88,5.78,9.14,184.74,9.4
1991,1991M4,1392,779.13,118.44,1144,92.27,52.38,2471.38,83.43,1543.18,15.03,103.59,163.83,9023,18.49,107.66,5.37,8.51,182.04,9
1991,1991M5,1299.95,632.63,119.11,1063.4,87.59,48.25,2340.42,84.17,982.61,15.03,103.98,162.71,8499.61,18.72,106.93,5.05,7.59,173.49,9.2
1991,1991M6,1283.55,633.83,122.64,1041.48,85.5,47.1,2218.07,83.84,1000,15.03,100.1,192.81,8296.5,17.78,104.81,4.6,9.2,163.71,9
1991,1991M7,1297.55,401.9,121.87,996.86,82.81,46.44,2231.26,81.02,938.04,15.03,96.75,195.3,8515.2,19.02,92.26,4.5,10.32,152.35,8.55
1991,1991M8,1259.69,478.5,119.81,1136.35,81.62,46.61,2236.19,73.47,826.14,15.03,99.28,201.82,8154.75,19.3,77.79,4.71,9.59,162.12,8.25
1991,1991M9,1212.1,366.86,124.5,1273.32,87.45,48.11,2318.58,70.33,750,15.03,99.89,200.27,7675.95,19.95,73.21,5.23,9.3,174.29,7.25
1991,1991M10,1152.95,448.11,123.4,1304.4,79.86,47.48,2360.65,67.94,740.43,15.03,96.52,206.19,7453.86,21.56,59.99,5.18,9.13,185.85,7.25
1991,1991M11,1134.93,440.92,122.83,1316.94,78.52,51.69,2375.66,64.1,714.76,15.03,100.22,181.51,7258.5,20.41,55.73,5.59,8.63,197.07,7.5
1991,1991M12,1099.53,403.97,118.27,1366.61,75.1,51.43,2205.92,61.76,650,15.03,107.05,183.74,7140.26,17.63,52.89,5.58,9,198.63,7.4
1992,1992M1,1181.23,569.73,116.64,1281.57,72.99,49.44,2150.58,59.62,661.96,14.31,107.76,188.17,7531.14,17.52,51.77,5.47,8.42,175.28,8.75
1992,1992M2,1270.75,606.27,114.49,1191.05,67.88,43.22,2208.89,56.3,675,14.31,111.27,197.3,7888,17.65,54.73,5.36,7.84,162.51,7.9
1992,1992M3,1282.02,606.3,111.11,1127.96,70.14,43.06,2231.79,55.33,660.23,14.31,108.61,189.57,7430.46,17.35,52.38,5.26,8.25,165.44,7.75
1992,1992M4,1317.13,418.99,108.17,1045.48,65.43,42.35,2214.17,57.99,645.45,14.31,112.46,188.39,7417.95,18.65,50.26,5.17,9.46,192.87,7.75
1992,1992M5,1306.71,425.83,107.76,995.31,60.26,38.79,2219.32,60.59,630,14.31,116.84,188.53,7333.95,19.52,64.16,5.29,9.61,211.22,7.55
1992,1992M6,1275.27,404.45,105.9,962.63,58.38,38.07,2296.44,63.89,632.73,14.31,119.21,191.29,7202.36,20.88,60.98,4.91,10.35,201.56,7.75
1992,1992M7,1314.35,432.54,106.43,1105.24,57.68,39.6,2527.29,65.29,660,14.31,123.69,184.48,7516.17,20.18,61.04,5.94,10.31,206.41,7.75
1992,1992M8,1305.55,620.71,110.92,1182.11,52.42,39.92,2513.47,59.75,660,14.31,125.8,183.51,7279.75,19.62,65.62,7.07,9.86,221.06,8.05
1992,1992M9,1270.21,511.7,110.69,1118.93,52.73,42.39,2419.61,56.65,640,14.31,124.77,194.74,6918.57,20.19,53.85,7.89,9.31,221.01,8.75
1992,1992M10,1180.84,389.6,113.39,1071.48,61.4,45.5,2262.46,53.12,640,14.31,117.35,207.83,6322.5,20.04,53.76,6.94,8.71,200.79,10.25
1992,1992M11,1162.21,380.03,115.24,1076.38,67.13,49.07,2161.79,52.69,640,14.31,106.64,205.99,5593.71,18.9,56.06,6.04,8.56,203.64,10.5
1992,1992M12,1209.02,310.85,115.29,1034.9,77.46,52.09,2211.95,54,646.52,14.31,110.67,240.49,5751.19,17.93,53.17,5.48,8.15,235.12,10
1993,1993M1,1208.1,524.92,106.8,1035.57,68.66,48.13,2264.21,57.29,670,12.58,110.2,240.04,5948.1,17.24,59.14,5.25,8.24,239.49,9.8
1993,1993M2,1203.15,585.61,108.32,990.99,67.46,48.25,2212.18,60.55,693.5,12.58,105.26,286.7,6050.75,18.23,62.98,5.07,8.56,203.56,10.1
1993,1993M3,1150.48,659,114.59,977.32,62.77,46.86,2152.38,61.45,772.61,12.58,112.07,345.34,5974.91,18.5,65.6,4.93,10.62,190.48,10.2
1993,1993M4,1110.28,563.7,117.57,1010.75,56.88,45.51,1953.62,61.07,780,12.58,121.77,463.41,5987.5,18.44,63.73,5.46,11.15,177.75,10.35
1993,1993M5,1125.42,461.6,121.39,998.07,61.48,46.91,1799.35,60.17,812.38,12.58,127.25,520.81,5777.79,18.17,66.6,5.85,11.83,172.86,10.1
1993,1993M6,1168.09,389.56,124.49,941.69,61.99,47.65,1857.87,58.48,931.82,12.58,131.17,493.82,5544.32,17.37,68.31,5.79,10.4,166.67,10.3
1993,1993M7,1203.18,350.73,127.94,1058.64,71.56,50.39,1927.34,57.99,930,12.58,130.1,467.02,5051.18,16.37,65.46,5.4,9.68,165.19,9.9
1993,1993M8,1172.76,316.91,127.17,1087.17,76.56,59.29,1951.07,55.5,945.45,12.58,129.77,450.47,4740.48,16.43,68.43,5.05,9.34,166.61,10.05
1993,1993M9,1116.91,350.76,124.01,1263.3,79.82,63.42,1858.25,55.16,1145.91,12.58,132.62,384,4376.05,15.8,68.98,4.73,9.54,180.02,10.2
1993,1993M10,1089.43,330.69,121.06,1290.47,75.05,60.05,1647,54.91,1150,12.58,130.9,378.13,4464.86,16.44,66.79,4.35,10.29,196.49,10.18
1993,1993M11,1040.02,368.27,119.84,1321.78,77.07,62.53,1632.57,54.91,1150,12.58,128.8,333.36,4642.27,15.09,60.68,3.94,10.07,182.2,9.9
1993,1993M12,1091.35,414.56,111.66,1359.51,80,62.95,1723.63,58.74,1150,12.58,129.47,304.66,5139.8,13.36,57.53,4.31,10.52,186.3,9.85
1994,1994M1,1170,532.64,109.84,1263.63,77.21,60.91,1807.07,67.94,1150,11.45,130.45,294.8,5584.05,14.17,62.4,4.33,10.3,164.45,9.45
1994,1994M2,1270.53,666.9,113.11,1226.59,82.16,62.25,1865.08,79.97,1150,11.45,130.23,303.4,5830.1,13.75,67.84,4.49,10.82,173.63,9.45
1994,1994M3,1287.7,505.62,122.03,1307.19,85.57,66.46,1913.17,81.77,958.26,11.45,131.23,310.5,5590.43,13.69,62.63,4.59,11.73,186.5,9.3
1994,1994M4,1277.29,496.04,119.19,1244,89.23,72.64,1881.37,83.25,940,11.45,130,362.2,5400.26,15.15,59.98,5.2,11.01,186.31,9.25
1994,1994M5,1321.05,375.77,108.44,1378.69,121.98,96.05,2144.5,86.04,905,11.45,126.59,345.5,6082.86,16.43,60.57,5.43,11.58,183.96,9.25
1994,1994M6,1402.36,250.51,101.26,1458.95,142.56,113.31,2363.09,86.2,870,11.45,127.03,344.6,6287.05,17.23,61.27,5.46,12.05,196.7,9.25
1994,1994M7,1491.95,446.17,99.39,1555.87,217.67,164.65,2447.24,82.02,870,11.45,126.11,332,6230.57,18.04,60.59,5.24,11.77,181.78,9.1
1994,1994M8,1457.07,407.38,99.78,1551.17,198.07,162.68,2409.75,76.94,870,11.45,119.62,358.8,5856.14,16.98,60.12,5.02,12.09,183.82,9.05
1994,1994M9,1571.09,438.41,100.16,1486.26,220.1,182.95,2504.84,75.29,870,11.45,119.79,300.06,6370.68,16.13,50.41,5.28,12.59,201.2,9.45
1994,1994M10,1694.26,323.8,96.38,1447.71,198.68,170.09,2546.02,73.88,870,11.45,123.61,291.5,6735.86,16.48,45.41,5.35,12.76,190.79,9.5
1994,1994M11,1885.89,296.87,99.28,1430.62,181.64,155.31,2803.55,76.91,829.09,11.45,122.83,279.4,7474.55,17.2,40.26,4.85,13.93,178.32,9.6
1994,1994M12,1878.38,537.38,100.95,1397.51,167.47,130.48,2980.7,86.38,770,11.45,120.51,273.1,8540.65,16.13,45.43,4.89,14.67,172.36,10.4
1995,1995M1,2059.36,358.25,97.76,1467.56,172.33,132.72,3003.26,94.78,770,12.27,120.62,249,9596.19,16.88,53.42,4.81,14.8,163.56,10.78
1995,1995M2,1905.45,580.09,98.47,1510.63,168.71,135.22,2870.45,99.96,770,12.27,117.56,252.4,8431.25,17.44,55.68,4.78,14.41,169.04,11.15
1995,1995M3,1799.98,397.79,93.77,1484.93,178.22,146.83,2919.67,110.47,774.78,12.27,117.12,285,7522.39,17.35,54.05,5.08,14.59,172.09,11.8
1995,1995M4,1849.44,385.81,88.45,1463.97,172.81,145.47,2894.89,113.22,779.75,12.27,115.26,302.81,7405,18.77,51.05,5.17,13.61,167.97,11.85
1995,1995M5,1765.48,393,82.02,1448.41,168.83,141.89,2771.57,115.85,777.83,12.27,111.99,289.28,7262.38,18.43,48.05,5.36,13.52,164.39,11.9
1995,1995M6,1775.8,368.9,79.9,1437.17,152.25,129.53,2987.68,104.36,812.73,12.27,112.19,280.59,7877.27,17.33,55.55,5.42,14.02,145.5,11.7
1995,1995M7,1867.28,535.41,76.61,1360.76,143.83,120.89,3076.45,95.98,818.1,12.27,107.85,261.63,8618,16.06,66.06,5.01,13.59,143.37,11.7
1995,1995M8,1890.05,520,78.53,1410.49,151.41,131.28,3040.14,84.65,791.3,12.27,105.72,241.36,8931.82,16.49,78.08,4.75,12.98,150.37,11.7
1995,1995M9,1761.72,520,81.5,1395.08,131.87,116.41,2910.43,91.1,800,12.27,105.07,223.52,8397.25,16.77,75.7,4.67,11.69,163.39,11.85
1995,1995M10,1671.95,433.21,84.58,1394.64,125.38,114.15,2810.07,91.53,898.18,12.27,113.4,233.86,8068.86,16.18,78.51,4.45,11.84,176.91,11.85
1995,1995M11,1655.93,440.92,88.99,1435.9,123.23,112.79,2981.62,89.29,924.55,12.27,117.15,230.96,8498.1,16.82,65.89,3.93,11.98,173.62,11.85
1995,1995M12,1657.82,407.85,87.43,1380.96,103.99,94.72,2918.21,88.43,882.86,12.27,114.98,241.78,8074.21,17.93,71.5,3.87,12.31,179.66,11.85
1996,1996M1,1584.48,413.37,86.26,1349.11,109.38,91.99,2605,85.91,852.17,12.97,116.22,234.29,7870.71,17.79,72.9,4.32,12.53,174.42,12.2
1996,1996M2,1594.57,590.84,83.05,1370.55,123.79,100.18,2544.67,86.79,835.24,12.97,114.95,246.43,8198.5,17.69,78.51,4.27,12.82,177.03,15.75
1996,1996M3,1614.86,500,79.32,1338.6,119.05,91.99,2563.35,83.23,829.05,12.97,118.49,253.01,8046.4,19.46,89.72,4.36,12.9,168.66,15.75
1996,1996M4,1587.4,605.17,81.5,1457.33,122.01,91.45,2594.17,83,811.36,12.97,134.95,252.48,8047,20.78,99.53,4.44,11.98,172.37,15.99
1996,1996M5,1593.86,535.72,81.31,1524.44,128.56,92.1,2658.76,82.89,813.91,12.97,146.12,262.49,8042.86,19.12,112.15,4.25,11.38,176.12,16.38
1996,1996M6,1485.75,484.58,77,1537.56,127.91,86.46,2177.6,83.13,800,12.97,153.45,255.85,7713.16,18.56,102.34,4.25,12.17,171.24,16.5
1996,1996M7,1460.02,425.05,77.68,1490.38,120.47,78.14,1983.93,79.84,803.48,12.97,151.62,259.69,7202.61,19.56,124.77,3.78,12.81,160.17,16.5
1996,1996M8,1466.79,405.65,80.23,1501.72,122.49,80.16,2017.86,76.71,793.18,12.97,151.21,263.48,7037.62,20.19,124.77,3.68,12.37,167.97,16.46
1996,1996M9,1405.76,396.39,78.68,1475.95,114.05,75.07,1935.07,75.36,797.14,12.97,154.71,258.69,7329.81,22.14,76.3,3.76,11.92,187.38,16.15
1996,1996M10,1336.02,375.45,81.42,1477.58,120.62,72.97,1960.2,75.43,806.96,12.97,159.64,252.67,7028.7,23.43,76.59,3.89,11.12,183.51,15.74
1996,1996M11,1451.05,426.59,82.17,1465.54,119.61,70.53,2215.43,75.91,794.76,12.97,170.23,252.9,6960.71,22.25,75.74,4.13,10.72,189.37,15.07
1996,1996M12,1500.98,476.2,83.01,1474.23,115.01,63.08,2264.6,78.29,784.09,12.97,173.95,233.76,6571.05,23.51,76.51,4.21,10.74,197.74,14.76
1997,1997M1,1575.14,668.51,81.48,1428.79,131.83,67.66,2427.27,79.77,756.52,13.04,174.17,240.56,7069.14,23.29,74.6,4.31,10.69,189.36,14.49
1997,1997M2,1582.05,787.29,85.33,1373.28,167.2,76.65,2406.63,80.4,750.75,13.04,159.21,233.72,7736.58,20.54,72.48,3.93,10.81,193.57,13.81
1997,1997M3,1631.18,766.57,93.36,1521.88,193.82,81.31,2420.18,80.63,800.48,13.04,153.98,237.35,7893.21,19.42,68.96,3.74,11.14,213.18,13.62
1997,1997M4,1561.11,607.73,90.99,1570.61,204.43,78.48,2389.32,78.82,883.18,13.04,150.19,240.16,7313.14,17.98,76.86,3.68,11.3,240.29,12.83
1997,1997M5,1625.45,414.36,86.5,1568.3,264.5,95.74,2513.3,79.26,955.45,13.04,149.42,252.18,7476,19.47,81.52,3.63,11.13,252.76,11.83
1997,1997M6,1567.19,468.92,80.11,1693.62,212.55,91.94,2611.29,80.51,930.95,13.04,150.74,264.85,7060,18.02,83.17,3.57,11.43,224.81,10.94
1997,1997M7,1591.59,457.87,81.73,1677.43,186.52,82.52,2449.2,81.18,909.57,13.04,151.48,254.33,6832.74,18.45,83.14,3.66,11.57,244.77,10.49
1997,1997M8,1710.03,408.84,82.82,1649.19,185.17,76.92,2250.1,81.21,906.67,13.04,144.47,245.37,6764.45,18.79,77.41,3.6,11.7,257.76,10.39
1997,1997M9,1611.62,449.59,80.47,1765.58,184.38,77.43,2104.31,79.64,914.55,13.04,140.36,232.62,6498.29,18.73,70.66,3.64,11.33,247.53,10.25
1997,1997M10,1607.33,381.22,79.72,1741.1,161.45,76.9,2050.7,77.75,943.91,13.04,143.05,227.36,6373.48,20.12,65.95,3.74,11.38,252.51,11.28
1997,1997M11,1598.32,435.08,83.24,1696.37,154.15,78.2,1918.5,77.22,895,13.04,148,213.73,6137.25,19.16,63.03,3.62,12.01,264.69,12.75
1997,1997M12,1530.52,424.72,84.28,1738.75,174.25,84.65,1761.45,74.35,843.48,13.04,138.32,210.67,5942.38,17.24,56.52,3.58,12.33,265.05,12.5
1998,1998M1,1485.47,453.04,82.87,1670.67,175.04,86.03,1687.6,72.14,807.27,13.41,130.02,197.1,5489,15.07,50.56,3.47,11.52,317.37,12.04
1998,1998M2,1465.18,438.54,82.09,1643.23,175.87,85.79,1664,68.84,770,13.41,126.56,202.5,5367.25,14.18,50.38,3.42,10.72,329.13,11.38
1998,1998M3,1438.32,455.8,81.68,1721.06,154.82,84.67,1747.16,68.43,744.09,13.41,123.25,195.47,5397.05,13.24,50.25,3.51,9.84,261.48,10.66
1998,1998M4,1417.55,780.39,81.74,1720.16,147.08,90.6,1800.13,65.7,740,13.41,121.12,168.95,5391,13.39,50.75,3.83,9.68,234.06,10.75
1998,1998M5,1364.32,679.56,80.4,1781.41,134.35,92.64,1731.66,64.36,739.52,13.41,115.01,149.08,5016.84,13.97,61.33,3.95,9.23,190.3,10.75
1998,1998M6,1305.52,659.53,77.48,1723.35,121.56,84.55,1656.6,68.94,803.18,13.41,105.58,132.94,4456.9,12.48,60.45,4.17,8.1,218.15,10.75
1998,1998M7,1312.67,457.18,75.94,1712.24,113.86,78.4,1655.67,69.86,892.61,13.41,103.51,134.83,4332.62,12.72,52.34,3.83,8.62,226.2,10.61
1998,1998M8,1310.55,353.94,76.12,1682.5,119.89,79.98,1619.93,68.18,946.19,13.41,103.43,136.94,4078,12.49,49.06,3.61,8.48,237.75,10.5
1998,1998M9,1341.89,355.32,75.05,1685.86,108.07,80.88,1646.77,66.39,841.36,13.41,116.53,150.19,4100.91,13.8,40.93,3.64,7.23,225.25,10.23
1998,1998M10,1303.7,333.7,74.26,1647.52,107.07,80.36,1585.5,61.46,752.27,13.41,121.3,164.43,3870.45,13.26,38.59,3.76,7.46,209.8,9.61
1998,1998M11,1295.3,561.46,75.57,1599.91,115.14,80.4,1573.72,56.08,754.76,13.41,114.5,159.45,4117.25,11.88,23.68,3.77,8.06,206.75,8.88
1998,1998M12,1250.39,377.76,76.35,1524.12,116.03,82.82,1475.76,56,750,13.41,111.35,162.45,3865.76,10.41,19.1,3.66,8.08,206.5,8.49
1999,1999M1,1219.4,489.78,77.6,1455.79,111.48,81.65,1432,55.78,734.29,11.93,110.05,176.22,4264,11.32,34.86,3.71,8.11,225,9.01
1999,1999M2,1186.48,447.86,81.83,1411.14,103.24,77.73,1412.95,56.19,704,11.93,108.86,177.12,4623.25,10.75,37.34,3.57,6.82,225.25,9.2
1999,1999M3,1179.86,448.9,81.5,1313.89,103.23,72.7,1378.48,56.71,712.61,11.93,108.38,172.52,5002.95,12.86,35.08,3.56,6.03,231.75,10.44
1999,1999M4,1277.85,417.13,79.11,1177.89,99.69,68.89,1463.73,57.74,717.27,11.93,108.8,175.1,5054.75,15.73,39.45,3.69,5.42,236.75,10.85
1999,1999M5,1323.13,331.49,79.85,1059.24,108.91,68.17,1510.45,59.9,757.14,11.93,112.03,176.52,5395.79,16.12,48.75,3.65,5.75,222,10.73
1999,1999M6,1315.52,284.88,79.93,1162.91,104.21,66.2,1422.16,58.5,804.09,11.93,111.46,183.55,5194.77,16.24,45.92,3.47,6.04,207.25,10.56
1999,1999M7,1403.36,343.92,81.6,1113.24,90.85,62.28,1639.18,54.41,798.64,11.93,114.66,186.08,5696.36,18.75,44.33,3.41,5.38,205.6,10.26
1999,1999M8,1421.69,352.21,88.33,1003.57,87.64,63.76,1646.74,50.98,749.55,11.93,123.21,198.44,6431.43,20.21,53.25,3.48,5.72,209,10.11
1999,1999M9,1492.07,353.94,86.48,1060.56,81.06,60.44,1749.68,49.48,766.82,11.93,119.47,202.49,7029.09,22.37,48.7,3.46,6.67,239,9.92
1999,1999M10,1473.33,328.73,84.64,1021.54,92.2,59.25,1723.29,47.43,769.05,11.93,124.57,198.25,7317.62,22.19,46.59,3.51,6.75,280,9.76
1999,1999M11,1472.43,333.22,87.93,922.08,114.02,64.37,1726.77,46.21,819.09,11.93,123.55,198.59,7946.82,24.22,47.66,3.51,6.51,278,9.71
1999,1999M12,1554.74,354.97,88.88,918.75,123.56,66.4,1764.88,44.2,819.13,11.93,124.79,199.41,8073.24,25.01,50.94,3.81,5.98,228.68,9.64
2000,2000M1,1679.85,483.43,88.2,918.48,109.17,53.62,1843.85,47.43,780.95,12.45,128.24,193.08,8315.25,25.21,51.61,3.87,5.63,228,9.55
2000,2000M2,1679.43,580.11,89.05,860.74,101.65,49.62,1807.03,53.44,823.81,12.45,122.51,184.37,9583.75,27.15,54.91,3.9,5.35,234.25,9.39
2000,2000M3,1579.64,419.89,90.46,925.93,97.95,47.17,1739.8,57.3,794.78,12.45,123.47,190.85,10255.4,27.49,57.76,3.94,5.11,253.08,9.31
2000,2000M4,1458.75,481.7,90.05,911.95,92.56,45.23,1681.91,58.77,808,12.45,110.47,192.14,9746.5,23.45,66.95,4.01,6.01,249.4,9.14
2000,2000M5,1468.07,414.79,90.9,909.42,91.76,45.19,1785.1,60.5,805.22,12.45,105.84,191.61,10122.91,27.23,69.16,4.05,6.78,252,8.5
2000,2000M6,1509.37,412.98,88.06,948.23,84.1,43.72,1752.07,59.47,785.45,12.45,104.36,194.48,8384.32,29.62,69.5,4.01,8.33,240.64,8.23
2000,2000M7,1564.38,307.81,86.93,967.11,84.67,41.96,1803.14,58.39,765.24,12.45,102.31,191.54,8174.81,28.16,66.59,4.06,9.64,247,8.1
2000,2000M8,1530.33,347.11,86.39,877.79,74.52,38.94,1857.12,60.89,763.91,12.45,104.51,191.17,8038.43,29.41,59.49,3.83,10.6,261.35,7.96
2000,2000M9,1602.31,426.86,82.69,882.73,73.83,39.47,1961.89,61.64,772.38,12.45,109.1,193.6,8624.81,32.08,57.16,3.24,9.86,262.43,7.57
2000,2000M10,1501.25,378.58,82.88,877.72,75.37,36.55,1894.37,60.89,744.55,12.45,113.14,189.51,7650.64,31.4,54.89,2.94,10.41,253,7.4
2000,2000M11,1475.55,370.73,89.72,873.99,70.47,33.34,1795.6,63.98,781.82,12.45,112.48,188.12,7350.59,32.33,48.68,2.87,9.51,250.82,7.13
2000,2000M12,1569.06,443.3,88.15,892.78,64.5,31.07,1852.4,65.86,800,12.45,117.83,180.28,7318.8,25.28,54.76,3.02,9.72,245.43,7.14
2001,2001M1,1619.88,532.67,87.81,966.39,64.98,32.97,1787.06,64.18,808.7,12.99,122.87,171.76,6975.91,25.95,50.38,3.05,10.06,236.09,7.1
2001,2001M2,1607.03,681.28,87.56,1157.47,66.94,31.97,1766.13,60.44,800,12.99,123.6,173.2,6546.8,27.24,53.8,3.02,9.36,230,7.39
2001,2001M3,1512.17,555,91.06,1124.41,65.93,30.96,1742.16,54.56,788.64,12.99,137.77,166.15,6165.18,25.02,63.11,3.1,8.72,224.82,7.69
2001,2001M4,1499.48,532.1,90.11,1083.66,65.51,28.62,1665.97,51.16,748.57,12.99,131.91,162.59,6363.11,25.66,64.63,3.03,8.05,212.35,8.23
2001,2001M5,1542.39,638.36,91.49,1077.44,68.94,29.71,1684.85,49.97,740,12.99,130.05,164.3,7086.48,27.55,70.61,2.97,8.96,195.57,9
2001,2001M6,1470.83,610.37,94.45,973.29,63.67,29.32,1610.47,47.46,736.19,12.99,124.57,164.53,6674.33,26.97,72.92,2.89,8.74,191,8.78
2001,2001M7,1418.62,700.97,98.45,965.32,58.47,27.59,1526.77,45.55,760.91,12.99,118.64,162.04,5962.55,24.8,72.97,2.83,8.54,196.09,8.75
2001,2001M8,1377.85,682.2,101.8,1032.48,59.68,25.86,1466.41,43.33,771.3,12.99,129.59,159.87,5525.64,25.81,71.54,2.92,7.9,197.74,8.95
2001,2001M9,1346,583.56,107.25,1026.2,57.71,23.79,1427.7,41.26,750,12.99,138.24,156.38,5057.65,25.03,63.93,2.92,7.16,190.9,9.15
2001,2001M10,1283.53,486.79,103.39,1084.86,56.53,21.26,1377.38,37.22,715.65,12.99,135.1,151.27,4830.78,20.73,57.29,2.79,6.6,177.26,9.47
2001,2001M11,1334.45,494.1,104.28,1231.55,58.96,22.03,1434.29,37.96,719.09,12.99,134.69,146.49,5131.32,18.69,48.6,2.62,7.28,162.09,9.43
2001,2001M12,1348.72,518.94,100.83,1337.43,55.6,23.76,1472.85,42.87,700,12.99,135.94,139.91,5315.82,18.52,47.41,2.56,7.41,163.57,9.5
2002,2002M1,1371.36,429.38,101.05,1385.93,57.34,22.88,1508.23,43.42,700,12.68,138.15,133.84,6061.36,19.15,54.26,2.52,7.31,172.91,9.59
2002,2002M2,1371.08,511.05,102.95,1490.39,60.51,24.46,1561.37,42.81,700,12.68,137.12,136.04,6039.95,19.98,55.14,2.52,5.68,169.9,9.72
2002,2002M3,1404.99,571.23,109.03,1592.03,66.38,29.77,1607.39,42.04,676.67,12.68,137.39,143.02,6543.2,23.64,50.8,2.68,5.92,195.19,9.95
2002,2002M4,1370.39,570.38,103.74,1568.15,65.78,30.35,1588.57,41.38,618.18,12.68,137.77,144.11,6956.81,25.43,44.78,2.81,5.18,185.64,9.75
2002,2002M5,1344.43,631.46,96.47,1604.7,58.43,29.43,1597.02,39.89,586.09,12.68,141.06,149.08,6771.18,25.69,46.98,3.02,5.61,164.09,9.9
2002,2002M6,1356.93,643.99,93.89,1656.46,55.16,29.26,1650.59,43.48,601,12.68,143.31,163.48,7147.61,24.49,50.41,3.05,5.25,168.5,9.9
2002,2002M7,1337.87,545.58,96.9,1872,53.09,29.31,1588.28,46.7,605.65,12.68,150.81,172.56,7137.7,25.75,54.87,3.06,5.79,175.43,9.89
2002,2002M8,1293.36,420.02,95.73,1959.27,52.02,28.74,1482.92,49.32,629.55,12.68,148.75,182.11,6736.86,26.78,46.11,3.02,5.86,181.86,9.85
2002,2002M9,1301.7,492.63,92.56,2167.41,57.58,33.31,1478.93,48.98,650,12.68,150.45,180.96,6664.95,28.28,36.66,3.13,6.41,193.43,9.8
2002,2002M10,1311.46,550.08,86.97,2201.5,64.05,34.44,1486.17,49.56,650,12.68,154.82,178.95,6818.91,27.53,42.81,3.14,7.02,181.09,9.84
2002,2002M11,1373.27,399.57,81.56,1825.06,70.18,39.35,1581.04,52.33,693.81,12.68,154.96,181.33,7314.81,24.79,40.6,3.15,7.3,178.48,9.86
2002,2002M12,1375.86,565.98,84,2025.61,63.86,38.52,1592.96,55.22,748.18,12.68,157.94,183.37,7206.33,27.89,43.67,3.16,7.51,183.73,9.88
2003,2003M1,1379.29,560.59,85.35,2190.14,65.22,42.75,1650.31,56.71,775.22,13.82,162.69,187.41,8032.91,30.77,46.58,3.34,7.89,182.39,10.16
2003,2003M2,1421.56,462.71,83.75,2230.35,67.6,42.35,1682.15,58.55,780,13.82,159.7,187.32,8607.95,32.88,48.16,3.25,8.35,192.25,10.1
2003,2003M3,1386.55,480.47,83.88,1989.84,61.66,38.36,1655.69,61.01,780,13.82,153.1,184.15,8339.71,30.36,48.84,3.18,7.84,192.19,10.1
2003,2003M4,1334.32,384.23,82.63,1932.14,65.32,38.67,1587.87,60.78,780,13.82,149.04,180.45,7930.6,25.49,49.26,3.18,7.26,188.5,10.1
2003,2003M5,1400.42,290.37,79.3,1729.21,66.18,38.82,1651.1,57.8,829.09,13.82,157.01,183.17,8347.75,26.06,58.99,3.25,7.01,182.09,10.9
2003,2003M6,1410.54,310.44,78.25,1579.11,61.34,35.33,1685.11,58.5,870,13.82,165.93,182.34,8839.05,27.91,64.81,2.69,6.4,196.95,10.9
2003,2003M7,1440.9,296.36,81,1556.87,62.29,36.67,1712.83,60.19,906.52,13.82,152.41,181.67,8831.78,28.59,60.9,2.4,6.73,204.48,10.95
2003,2003M8,1457.24,277.56,91.13,1565.55,63.6,37.92,1756.73,60.5,910,13.82,157.42,181.46,9359.9,29.68,56.69,2.5,6.71,191.95,11.24
2003,2003M9,1416.6,312.97,97,1625.39,65.51,38.75,1789.67,64.18,910,13.82,167.16,187.19,9995.82,26.88,56.65,2.88,6.27,195.41,11.49
2003,2003M10,1477.25,326.99,98.4,1481.68,62.58,37.32,1925.58,72.56,910,13.82,165.75,196.77,11040.35,29.01,52.54,3.16,6.1,200.48,12.37
2003,2003M11,1511.6,428.18,110.75,1510.01,62.36,36.05,2053.28,76.94,910,13.82,160.81,197.46,12052.4,29.12,48.69,2.96,6.19,200,13.18
2003,2003M12,1557.78,371.43,105.4,1646.58,64.88,37.6,2202.04,73.59,910,13.82,166.72,196.44,14185.21,29.95,48.68,3.12,6.34,205.22,13.35
2004,2004M1,1608.89,435.71,107.06,1626.4,73.73,41.14,2421.48,76.24,910,16.39,164.66,199.06,15089.33,31.4,52.94,3.23,6.03,202.82,14.8
2004,2004M2,1685.23,497.24,99.5,1566.09,77.51,39.1,2751.72,73.92,910,16.39,163.21,199,15099.35,31.32,61.03,3.32,5.87,198.1,16.05
2004,2004M3,1657.35,512.25,97.25,1504.43,77.47,38.67,3000.28,72.28,910,16.39,160.47,195.2,13786.54,33.67,65.35,3.45,6.5,191.78,17.14
2004,2004M4,1731.68,530.2,102.1,1435.67,74.34,38.06,2926.98,69.44,910,16.39,159.11,197.96,12725.9,33.71,65.28,3.61,6.86,177.95,17.75
2004,2004M5,1625.27,558.41,114.63,1413.04,75.81,37.93,2728.46,70.04,910,16.39,158.19,188.43,11228.61,37.63,78.87,3.48,6.62,186.62,17.75
2004,2004M6,1682.04,596.43,116.75,1404.71,82.16,41.04,2689.05,64.63,910,16.39,164.21,198.62,13599.36,35.54,78.36,3.21,7.51,186.59,17.88
2004,2004M7,1707.87,602.71,120.3,1567.86,73.96,36.71,2816.8,57.02,910,16.39,167.86,200.45,15020.07,37.93,78.66,3.11,8.17,190.73,17.9
2004,2004M8,1692.1,557.51,126.75,1727.33,73.17,34.93,2844.2,53.47,910,16.39,164.93,198.65,13639.62,42.08,76.03,3.35,7.88,206.45,17.9
2004,2004M9,1731.02,520.47,127.88,1541.14,80.99,35.03,2903.17,56.68,910,16.39,163.31,199.27,13430.36,41.65,74.88,3.26,8.67,240.73,18.6
2004,2004M10,1830.37,492.63,119.5,1483.8,79.81,31.75,3009.4,52.52,910,16.39,168.81,197.96,14378.48,46.87,72.7,3.19,8.96,201.76,20.08
2004,2004M11,1817.35,497.24,118.38,1665.71,89.51,34.02,3130.31,49.24,910,16.39,172.32,202.13,14089.51,42.23,75.81,3.23,8.67,192.5,20.2
2004,2004M12,1852.92,497.24,116.8,1672.75,102.57,38.96,3139.79,48.6,910,16.39,182.1,190.35,13764.98,39.09,72.18,3.67,8.8,201.78,20.5
2005,2005M1,1836.21,588.99,115.25,1549.89,107.11,39.63,3168.1,51.26,910,28.11,181.61,191.43,14563.75,42.89,72.08,3.69,8.92,236.67,20.54
2005,2005M2,1882.8,890.19,117.38,1719.46,122.23,44.61,3247.1,52.17,910,28.11,174.78,191.02,15415.6,44.56,69.23,3.89,9.32,258.1,21.2
2005,2005M3,1987.52,817.02,120,1763.91,134.69,50.66,3378.9,56.24,910,28.11,171.85,193.65,16239.9,50.93,69.45,3.98,8.9,241.52,21.84
2005,2005M4,1892.01,594.25,118.2,1585.95,128.79,53.28,3389.81,56.95,800.48,28.11,167.5,194.15,16138.33,50.64,69,3.98,8.53,190.71,23.14
2005,2005M5,1741.45,613.39,121.45,1509.46,126.16,58.51,3241.9,55.84,758.18,28.11,164.53,202.52,17002.25,47.81,74.92,4,8.51,200.32,28.25
2005,2005M6,1731.94,500.06,120.33,1538.63,119.98,62.92,3529.73,53.99,727.27,28.11,159.83,203.12,16113.18,53.89,67.47,4.18,9.03,223.41,29
2005,2005M7,1783.26,403.84,122.6,1488.32,108.45,60.57,3608.48,54.97,713.33,28.11,154.42,205.53,14587.6,56.37,67.52,4.38,9.6,201.38,29.28
2005,2005M8,1871.27,399.17,120,1482.23,108.43,55.6,3791.91,54.07,700,28.11,154.22,211.94,14962,61.87,69.66,4.34,9.88,211.83,29.65
2005,2005M9,1837.69,585.32,120.3,1504.16,98.17,50.07,3850.66,54.95,700,28.11,155.13,216.8,14154.55,61.65,67.45,4.18,10.81,224.41,30.43
2005,2005M10,1934.14,489.34,116.5,1453.83,106.09,50.84,4056.17,58.24,700,28.11,150.35,211.27,12431.12,58.19,64.88,4.08,11.61,211.57,32.75
2005,2005M11,2056.97,471.5,117.25,1428.78,108.81,54.72,4278.16,56.83,700,28.11,148.23,205.47,12235.05,54.98,59.88,3.92,11.81,194.77,33.56
2005,2005M12,2250.9,568.18,115.5,1511.32,103.03,59.01,4577.03,56.53,700,28.11,148.57,210.52,13490.45,56.47,60.7,4.13,13.93,201.86,35.53
2006,2006M1,2383.3,624.69,113.63,1576.23,124.36,66.45,4743.86,59.01,710.45,33.45,149.23,221,14660.81,62.36,55.84,4.03,16.19,225,36.75
2006,2006M2,2453.38,871.55,114.75,1546.37,118.52,65.46,4974.98,60.75,720,33.45,146.35,222.54,14974.5,59.71,58.43,4,18.05,278.9,37.69
2006,2006M3,2432.48,880.67,111.9,1545.05,112.2,62.92,5123.67,58.62,720,33.45,140.51,225.16,14925.48,60.93,58.68,4.62,17.08,259.74,39.77
2006,2006M4,2623.86,669.89,112.58,1552.34,114.71,64.46,6404.44,57.18,720,33.45,141.22,229.39,18028.89,68,55.96,5.43,17.46,230.45,41.1
2006,2006M5,2852.07,946.13,112.5,1594.3,107.96,63.97,8059.19,55.41,754.78,33.45,148.52,244.17,21131.33,68.61,66.23,6.17,16.9,238.26,42.28
2006,2006M6,2490.95,713.84,111.7,1605.78,101.21,64.14,7222.77,56.42,802.73,33.45,150.16,238.46,20585.91,68.29,74.38,6.68,15.69,250.14,44.17
2006,2006M7,2511.83,585.04,115.13,1673.21,102.77,68.66,7726.74,56.73,845.24,33.45,155.95,236.12,26185.71,72.51,70.1,6.14,15.86,263.81,46.5
2006,2006M8,2461.55,546.18,117.63,1612.94,112.13,75.73,7690.25,59.85,893.91,33.45,169.68,240.03,30468.86,71.81,71.93,5.83,12.98,247.22,47.44
2006,2006M9,2484.38,544.92,117.5,1566.34,109.36,77.88,7622.64,58.82,931.43,33.45,164.91,246.47,29702.62,61.97,67.91,4.72,12.31,229.81,52.44
2006,2006M10,2657.15,552.17,117.88,1530.17,110.91,76.26,7497.41,57.03,940,33.45,155.78,245.32,32551.14,57.95,64.32,4.3,11.51,224.27,56.06
2006,2006M11,2702.14,602.71,121.25,1582.54,123.57,79.67,7029.3,57.4,947.73,33.45,158.17,256.02,31891.59,58.13,62.12,4.31,11.73,213.23,61.44
2006,2006M12,2823.67,656.41,121.2,1702.16,129.95,77.75,6680.97,59.43,960,33.45,162.78,268.46,34400.53,61,60.59,4.51,11.7,239.57,66.57
2007,2007M1,2799.06,640.16,119.25,1701.93,124.46,80.55,5689.34,59.05,996.96,36.63,159.32,262.27,36821.59,53.4,59.54,4.46,10.9,249.7,72
2007,2007M2,2839.05,658.84,118.38,1811.15,122.34,80.97,5718.15,57.89,1000,36.63,155.38,262.56,41078.25,57.58,65.68,4.62,10.57,212.5,76.25
2007,2007M3,2757.08,646.66,118.4,1924.2,116.61,78.88,6465.3,58.41,1000,36.63,154.24,269.66,46125.23,60.6,61.53,4.7,10.37,203.27,89.44
2007,2007M4,2817.05,647.2,117.63,2034.25,114.59,81.64,7753.34,57.18,1000,36.63,157.18,266.04,49956.58,65.1,65.42,4.78,9.59,192.05,110.43
2007,2007M5,2804.6,691.81,116.63,2011.13,112.52,86.28,7677.95,55.57,1013.04,36.63,157.32,261.95,51783.33,65.1,73.51,4.43,9.09,190.04,119.11
2007,2007M6,2681.31,778.74,119,2013.04,118.67,94.76,7514.24,60.44,1095.24,36.63,159.24,257.91,41551.67,68.19,74.06,4.22,9.26,202.05,136.22
2007,2007M7,2738.09,735.18,117.5,2151.67,116.8,93.47,7980.93,67.81,1159.09,36.63,165.72,263.05,33400.23,73.67,70.81,4.35,9.9,211.91,131.5
2007,2007M8,2512.6,696.01,118.4,1902.09,123.63,88.4,7500.2,66.62,1200,36.63,164.31,270.93,27649.64,70.13,70.36,4.73,9.61,210.39,109.6
2007,2007M9,2394.96,666.44,118.25,1944.01,128.04,93.61,7671.35,68.21,1200,36.63,163.76,274.96,29548.4,76.91,63.15,4.58,9.85,231.25,85
2007,2007M10,2444.53,659.98,115.88,1916.67,134.57,97.45,8020.59,68.93,1282.61,36.63,167.72,271.68,31156,82.15,56.69,4.48,9.99,224.3,77.5
2007,2007M11,2507.15,653.57,117.66,1967.31,130.33,92.2,6957.43,69.71,1513.64,36.63,170.4,279.41,30505.64,91.27,49.95,4.5,9.9,209.64,92
2007,2007M12,2382.83,648.51,119.5,2119.88,136.47,91.37,6630.74,69.59,1669.05,36.63,165.92,275.34,26053.56,89.43,53.28,4.67,10.45,206.05,91.8
2008,2008M1,2456.13,679.8,121.33,2216.38,139.05,100.74,7078.91,73.25,1700,60.8,161.18,287.08,27774.77,90.82,49.76,4.81,11.66,229.7,87.56
2008,2008M2,2784.89,790.58,127.7,2522.83,158.21,117.23,7941.14,75.05,1700,60.8,173.38,288.4,28064.95,93.75,57.86,4.74,13.61,264.67,76
2008,2008M3,3012.05,1027.36,106.7,2647.64,148.07,122.44,8434.32,80.18,1700,60.8,178.74,304.85,31093.05,101.84,53.24,5.22,12.88,246.29,73.71
2008,2008M4,2968.03,969.99,103.75,2631.23,137.74,111.86,8714.18,75.41,1665.91,60.8,183.69,291.76,28776.82,109.05,61.15,5.12,12.52,260.91,69.44
2008,2008M5,2908.28,927.93,124.2,2693.41,139.74,109.79,8356.13,74.12,1650,60.8,186.59,282.97,25656.5,122.77,78.11,5.31,10.93,265.14,61.67
2008,2008M6,2967.87,839.78,129.5,3021.76,144.08,112.04,8292,77.04,1650,60.8,185.14,272.29,22562.57,131.52,73.9,5.15,12.07,284.52,59
2008,2008M7,3067.46,725.14,133,2953.67,145.35,115.03,8407.02,77.29,1619.57,60.8,184.13,275.76,20106.96,132.55,76.08,5.62,13.21,287.48,61.84
2008,2008M8,2762.56,801.1,135.5,2796.8,145.77,113.43,7633.8,78.04,1599.05,60.8,177.66,272.95,19111.8,114.57,84.56,5.37,13.68,321.9,64.5
2008,2008M9,2524.15,806.63,129.4,2672.05,140.56,106.67,6975.11,73.59,1572.73,60.8,170.13,284.47,17781.86,99.29,71.16,4.96,14.02,321.59,63
2008,2008M10,2122.03,808.01,115.92,2251.23,121.41,88.91,4894.89,62.3,1470,60.8,162.1,304.45,12144.87,72.69,63.67,4.16,11.7,282.39,48.6
2008,2008M11,1857.13,904.7,115,2046.08,120.44,92.92,3729.19,55.06,1268,60.8,145.13,315.97,10776.5,54.04,52.6,3.82,11.83,241,50.5
2008,2008M12,1504.42,842.54,111.25,2420.04,116.97,83.82,3105.1,55.47,1217.39,69.98,140.81,326.62,9846.93,41.53,53.7,3.9,11.32,228.48,54.33
2009,2009M1,1420.36,814.92,114.13,2608.89,128.03,85.77,3260.36,57.7,1154.09,72.51,137.4,329.65,11562.95,43.91,55.99,4.11,12.24,261.59,51.44
2009,2009M2,1338.06,921.96,107.13,2660.47,128.51,81.47,3328.41,55.21,984,75.59,133.92,322.45,10410.75,41.76,57.37,4.12,13.31,270,47
2009,2009M3,1338.08,906.08,112.38,2493.98,127.76,77.48,3770.88,51.5,900,64.07,131.97,288.57,9710.73,46.95,57.35,4.48,12.93,262.86,43.38
2009,2009M4,1431.81,897.79,115.5,2541.7,134.58,76.5,4436.93,56.78,900,59.78,139.44,283.13,11331.6,50.28,57.89,4.8,13.47,277.41,41.72
2009,2009M5,1464.42,852.9,119.6,2554.6,147.64,77.05,4594.9,61.95,916.67,62.69,143.13,291.06,12763.36,58.1,58.72,5.44,15.47,288,48.56
2009,2009M6,1586.34,850.83,122.13,2699.61,144.46,75.65,5013.3,61.39,957.73,71.66,153.37,279.25,14961.95,69.13,56.96,5.5,16.58,287.14,51.5
2009,2009M7,1674.33,828.73,124,2805.48,137.6,74.82,5240.83,64.8,966.09,83.95,154.13,281.42,16024.5,64.65,57.88,5.77,17.8,337.65,49.7
2009,2009M8,1927.64,835.64,124,2956.66,146.87,75.04,6176.88,64.26,980,97.67,155.77,276.62,19375.93,71.63,49.56,4.99,21.72,328.38,47.19
2009,2009M9,1835.6,818.37,124.13,3149.51,145.67,77.31,6195.75,64.07,990.91,80.71,154.61,280.84,17404.64,68.38,50.62,5,23.45,374.41,44.28
2009,2009M10,1875.66,811.46,120.5,3372.5,151.95,76.68,6305.99,66.82,1000.91,86.79,152.03,276.62,18489.48,74.08,50.95,4.81,23.16,344.77,46.11
2009,2009M11,1956.55,835.64,125,3379.33,150.23,73.08,6682.44,71.78,1042.38,99.26,155.55,271.97,16911.33,77.56,54.18,5.01,22.77,361.05,44.75
2009,2009M12,2181.26,801.1,127,3517.54,155.86,74.68,6976.98,76.78,1142.61,105.25,151.99,264.83,17121.62,74.88,61.85,5.05,24.9,374.22,44.44
2010,2010M1,2230.15,782.69,133.88,3522.1,154.41,75.11,7367.4,77.4,1214.29,125.91,152.32,258.22,18405.55,77.12,67.34,5.15,21.91,338.67,43.83
2010,2010M2,2053.29,790.75,141.75,3276.56,155.92,73.52,6867.69,80.04,1218,127.62,147.78,252.76,19060.55,74.72,66.19,5.54,21.98,332.35,42.1
2010,2010M3,2210.55,842.54,152.1,3089.65,162.15,72.55,7466.96,85.79,1200,139.77,142.38,249.84,22467.17,79.3,70.93,5.99,18.15,332.61,40.91
2010,2010M4,2314.31,828.42,164.75,3221.23,171.07,76.37,7729.86,88.09,1202.73,172.47,144.95,246.04,26028.5,84.14,77.58,6.48,16.89,313.59,41.33
2010,2010M5,2044.73,872.47,157.75,3165.75,174.03,76.24,6843.18,90.07,1230,161.35,138.19,253.66,21930,75.54,85.29,6.34,15.11,286.14,41.3
2010,2010M6,1929.41,964.84,144.81,3230.83,193.52,82.51,6501.5,91.68,1189.09,143.63,138.06,260.84,19411.3,74.73,78.72,5.96,16.3,262.36,40.78
2010,2010M7,1989.05,987.07,145.39,3229.55,205.25,89.95,6750.57,84.15,1180,126.36,143.14,274.91,19548.52,74.52,78.8,6.28,17.69,259.18,41.94
2010,2010M8,2110.44,896.53,152.5,3071.71,212.8,89.06,7302.67,90.35,1210.91,145.34,147,294.67,21448.79,75.88,83.15,6.46,18.6,315.09,46.06
2010,2010M9,2171.24,883.98,152.5,2874.98,222.1,87.11,7729.59,104.73,1272.27,140.63,147.03,310.91,22690.14,76.11,81.93,6.14,22.67,337.18,46.67
2010,2010M10,2342.18,921.8,154.75,2927.45,215.84,90.57,8289.76,126.55,1296.19,148.48,149.51,316.36,23793.68,81.72,71.15,6.32,26.94,339.86,48.83
2010,2010M11,2324.05,908.15,156.5,2910.31,227.96,97.94,8458.42,155.47,1300,160.55,150.75,313.32,22836.23,84.53,63.48,6.09,26.42,331.68,57.16
2010,2010M12,2356.67,897.79,173.03,3047.06,237.33,98.32,9152.86,168.22,1359.13,168.53,147.14,306.54,24099.57,90.07,68.81,7.02,28.04,352.13,60.63
2011,2011M1,2439.7,949.42,185.63,3164.48,262.94,106.03,9533.2,178.93,1568.57,179.63,147.57,315.32,25621.23,92.66,75.04,6.74,29.74,368.1,63.88
2011,2011M2,2515.26,1013.12,183.73,3471.1,288.08,114.62,9880.94,213.18,1600,187.18,150.32,328.63,28412.18,97.73,83.22,7.08,29.31,349.75,65
2011,2011M3,2555.5,994.17,187.72,3392.97,294.48,122.46,9503.36,229.67,1600,169.36,152.53,334.76,26710.35,108.65,80.83,7.28,25.9,330.65,63.5
2011,2011M4,2667.42,1013.47,193,3113.51,302.71,121.29,9482.75,216.62,1600,179.26,154.08,343.5,26332.17,116.32,92.06,7.92,23.9,325.33,57.82
2011,2011M5,2587.21,1022.1,184.11,3070.77,293.06,126.3,8931.68,165.52,1659.09,177.1,154.33,385.25,24164.55,108.18,92.45,7.17,21.84,327.68,56.06
2011,2011M6,2557.76,986.31,178.36,3015.64,277.78,122.15,9066.85,160.65,1776.36,170.88,153.14,417.56,22420.93,105.85,94.55,6,24.92,334.05,55.4
2011,2011M7,2525.43,964.22,177.76,3167.18,269.18,116.58,9650.46,149.25,1683.34,172.98,152.24,430.49,23847.95,107.88,96.92,5.7,29.47,356.14,52.79
2011,2011M8,2380.98,960.25,180.85,3064.31,273.54,119,8997.99,114.1,1819.88,177.45,153.8,450.03,21864.68,100.45,103.02,5.23,28.87,358.17,50.68
2011,2011M9,2293.46,945.5,175.93,2873.88,275.58,113.94,8300.14,116.65,1837.73,177.23,147.54,453.63,20377.59,100.83,88.55,4.71,26.64,362.27,51.98
2011,2011M10,2180.65,956.33,174.28,2680.05,248.49,107.34,7394.19,110.61,1829.29,150.43,146.92,435.86,19039.05,99.92,92.48,4.13,26.3,357.14,52.34
2011,2011M11,2079.98,959.32,186.68,2527.43,249.5,108.18,7581.02,104.68,1860.66,135.54,142,403.26,17873,105.36,85.7,4.38,24.52,351.27,53.19
2011,2011M12,2024.38,946.76,190.09,2200.61,243.14,114.07,7558.88,95.45,1853.53,136.46,135.97,387.86,18246.04,104.26,83.93,4.56,23.42,333.36,52.18
2012,2012M1,2151.33,942.99,190.93,2307.76,240.89,109.4,8061.92,101.11,1858.54,140.35,132.74,387.75,19908.62,106.89,84.13,4.31,24.02,337.27,52.31
2012,2012M2,2207.92,1045.12,194.1,2356.24,225.49,111.25,8441.49,100.75,1885.51,140.4,125.03,374.98,20393.67,112.7,86.41,4.93,23.42,341,52.06
2012,2012M3,2184.16,1151.43,194.36,2359.25,201.85,113.6,8470.78,99.5,1807.74,144.66,117.18,357.05,18660.81,117.79,84.69,4.95,23.79,341,51.29
2012,2012M4,2048.51,1029.33,192.1,2266.78,193.35,111.71,8285.53,100.1,1717.79,147.65,109.12,353.7,17892.82,113.75,79.85,5.08,22.48,341,51.3
2012,2012M5,2002.52,955.44,187.3,2113.09,186.35,116.01,7896.91,88.53,1619.49,136.27,97.92,367.03,16968.32,104.16,79.15,4.99,20.27,341,51.89
2012,2012M6,1885.51,956.33,183.6,2265.84,169.79,113.34,7428.29,82.18,1546.62,134.62,92.33,362.31,16603.68,90.73,91.87,4.45,20.1,341,50.83
2012,2012M7,1876.25,966.85,180.36,2349.82,190.77,113.37,7584.26,83.97,1541.45,127.94,91.46,357.19,16128.41,96.75,94.47,4.44,22.76,345.59,50.36
2012,2012M8,1843.33,954.84,183.13,2512.26,175.97,113.01,7510.43,84.4,1515.53,107.8,88.52,354.71,15703.99,105.28,86.38,4.74,20.56,353.18,49.25
2012,2012M9,2064.12,966.85,180.25,2620.28,179.6,110.87,8087.74,84.15,1588.56,99.47,88.52,353.34,17287.96,106.32,68.77,4.59,20.21,358.23,47.73
2012,2012M10,1974.3,959.04,181.54,2463.54,172.37,109.89,8062.03,81.95,1637.41,113.95,88.52,350.23,17168.74,103.39,79.72,4.52,20.39,368.16,44.61
2012,2012M11,1948.83,937.34,192.02,2478.16,160.64,102.94,7711.23,80.87,1675.89,120.35,88.52,353.03,16335.36,101.17,77.9,4.72,19.31,368.11,41.5
2012,2012M12,2086.76,945.8,195.62,2431.82,154.22,102.3,7966.49,83.37,1863.9,128.87,91.39,354.8,17448.5,101.17,80.22,5.5,19.2,351.44,43.67
2013,2013M1,2037.61,933.82,195.39,2275.44,158.27,105.79,8053.74,85.51,1985.41,150.49,94.63,334.12,17494.07,105.04,82.79,6.25,18.85,338.87,42.75
2013,2013M2,2053.6,925.41,194.28,2197.7,153,109.7,8060.93,89.71,1923.5,154.64,98.35,319.69,17690.1,107.66,83.08,6.57,18.21,320.9,43.41
2013,2013M3,1911.28,938.57,191.79,2153.36,153.01,112.67,7652.38,94.45,2366.6,139.87,98.35,313.78,16731.7,102.61,73.36,6.53,18.34,297.4,42.28
2013,2013M4,1861.02,912.23,191.68,2294.72,152.96,107.58,7221.16,92.54,2433.05,137.39,99.25,304.53,15629.31,98.85,77.95,7.24,17.66,266.31,41.41
2013,2013M5,1832.57,908,179.59,2345.73,151.43,105.76,7248.71,92.62,2529.9,124.01,105.74,294.78,14948.23,99.35,89.17,7.31,17.43,272.37,40.61
2013,2013M6,1814.54,911.6,174.25,2283.58,138.86,97.05,7000.24,93.08,2555.81,114.82,106.78,306.01,14280.28,99.74,98.1,6.98,16.96,258.71,39.94
2013,2013M7,1769.61,925.41,176.58,2308.53,138.44,102.41,6906.64,92.62,2243.39,127.19,107.76,298.76,13750.32,105.21,98.45,7.27,17.1,256.16,38.02
2013,2013M8,1816.24,937.6,176.58,2483.61,135.63,100.73,7186.25,92.71,2506.11,137.06,109.59,304.39,14308.26,108.06,96.12,6.69,17.24,248.04,35.1
2013,2013M9,1761.3,939.23,175.6,2616.05,132.78,93.48,7159.27,90.09,2291.86,134.19,110.33,300.12,13801.39,108.78,91.73,5.62,17.62,230.49,34.39
2013,2013M10,1814.58,936.82,178.07,2730.7,128.83,90.01,7203.02,89.35,2338.33,132.57,111.85,304.31,14117.65,105.46,87.76,6.32,18.81,221.72,35
2013,2013M11,1747.96,922.13,183.31,2755.17,122.75,85.67,7070.65,84.65,2392.17,136.32,116.42,297.36,13684.01,102.58,81.5,6.41,17.75,235.26,35
2013,2013M12,1739.81,925.41,185.95,2824.54,126.74,95.5,7214.9,87.49,2207.45,135.79,120.83,287.35,13924.55,105.49,78.57,7.91,16.54,245.69,34.61
2014,2014M1,1727.41,928.42,187.46,2819.43,135.03,92.93,7291.47,90.96,2431.18,128.12,121.44,286.6,14101.25,102.25,78.85,8.06,15.71,249,35.1
2014,2014M2,1695.17,946.13,190.25,2992.76,176.28,101.14,7149.21,94.05,2323.84,121.37,122.59,291.84,14203.55,104.82,86.35,7.79,16.89,256.98,35.54
2014,2014M3,1705.37,966.85,197.76,3041.67,216.06,111.9,6650.04,96.95,2376.98,111.83,128.26,290.92,15678.1,104.04,113.21,7.43,17.89,237.73,34.91
2014,2014M4,1810.68,945.5,191.23,3050.61,226.99,110.68,6673.56,94.2,2256.2,114.58,132.27,290.33,17373.6,104.94,120.33,7.56,18.21,223.41,32.93
2014,2014M5,1751.05,916,194.55,3030,215.24,108.35,6891.13,92.71,2217.55,100.56,136.16,292.5,19401.08,105.73,110.47,7.07,18.24,219.52,28.7
2014,2014M6,1838.95,926.07,200.79,3174.31,198.91,104.63,6821.14,90.9,2212.72,92.74,137.63,291.72,18628.81,108.37,115.27,6.19,18.24,223.7,28.24
2014,2014M7,1948.3,930.82,227.5,3196.04,198.59,107.23,7113.38,83.84,2145.5,95.97,134.88,292.7,19117.65,105.22,128.67,6.39,18.73,232.39,28.38
2014,2014M8,2030.49,961.59,258.86,3270.27,214.5,105.07,7001.84,74,1986.8,92.63,132.14,289.17,18600.2,100.05,109.2,5.93,17.72,235.78,30.62
2014,2014M9,1990.43,925.41,272.3,3221.27,212.01,105.57,6872.22,73.38,2008.05,82.27,131.31,277.55,18034.8,95.89,100.53,5.49,16.54,232.95,34.23
2014,2014M10,1946.19,922.41,266.93,3100.83,227.06,109.39,6737.48,70.34,1833.78,80.09,130.67,275.65,15812.37,86.13,101.9,5.37,16.48,256.19,35.58
2014,2014M11,2055.56,904.7,261.5,2909.09,212.93,106.81,6712.85,67.53,1991.45,73.13,130.67,256.13,15807.05,76.96,86.16,5.75,15.88,243.34,40.5
2014,2014M12,1909.46,908.6,239.59,2946.95,200.59,103.51,6446.45,68.3,1995.1,68.8,129.26,249.39,15962.05,60.55,82.81,6.15,14.99,243.31,37.15
2015,2015M1,1814.72,911.6,232.02,2915.6,190.9,102.33,5830.54,67.35,1951.39,67.39,128.62,249.39,14849.19,47.45,73,5.95,15.06,269.62,36.03
2015,2015M2,1817.82,966.85,209.88,2961.94,179.94,103.74,5729.28,69.84,2028.17,62.69,122.94,249.39,14573.84,54.93,61.84,5.58,14.51,296.35,38.05
2015,2015M3,1773.86,1045.96,207.8,2878.03,160.02,98.07,5939.67,69.35,2070.86,56.94,115.85,249.39,13755.5,52.83,61.71,5.14,12.84,307.56,39.39
2015,2015M4,1819.19,1059.14,214.43,2868.27,164.95,98.73,6042.09,71.7,2017.27,51.15,115.21,249.39,12830.93,57.42,60.98,5.12,12.91,290.74,38.66
2015,2015M5,1804.04,946.79,199.21,3096,158.17,94.35,6294.78,72.86,2047.08,60.23,112.54,249.39,13511.34,62.5,77.32,5.12,12.7,313.81,35.59
