Year,War,Temperature_Luterbacher,Precipitation_Luterbacher,Crowley 2000,Esper_2002,Mann_2003,Darrigo_2006,Moberg_2005,Temp_NH_sim,Temp_Eur_sim
1000,4,,,-0.02,1.209,-0.27,-0.36,-0.03,14.501,6.096
1001,5,,,-0.05,1.22,-0.28,-0.4,-0.11,14.536,6.316
1002,6,,,-0.07,1.025,-0.28,-0.42,-0.11,14.267,6.301
1003,5,,,-0.08,1.024,-0.28,-0.41,-0.07,14.147,5.557
1004,6,,,-0.07,1.118,-0.28,-0.38,-0.14,14.025,3.721
1005,6,,,-0.06,1.211,-0.26,-0.22,-0.25,14.129,5.639
1006,7,,,-0.05,1.157,-0.25,-0.15,-0.12,14.206,4.884
1007,7,,,-0.04,1.254,-0.24,-0.31,0.1,14.209,5.089
1008,6,,,-0.05,1.142,-0.24,-0.28,0.09,14.204,5.404
1009,6,,,0.01,0.961,-0.23,-0.41,-0.02,14.317,5.192
1010,6,,,0.01,1.067,-0.24,-0.55,-0.03,14.262,5.569
1011,6,,,0.02,1.042,-0.24,-0.61,0.01,14.163,5.563
1012,6,,,0.03,1.052,-0.24,-0.52,0,14.402,5.327
1013,6,,,0.04,1.077,-0.24,-0.49,-0.08,14.323,5.386
1014,6,,,0.04,1.14,-0.23,-0.19,-0.08,14.253,5.564
1015,5,,,0.05,1.127,-0.22,-0.32,0.09,13.906,5.307
1016,5,,,0.06,1.211,-0.19,-0.22,0.27,13.854,4.144
1017,3,,,0.05,1.224,-0.17,-0.16,0.3,13.846,5.235
1018,3,,,0.04,1.183,-0.16,-0.09,0.19,14.035,4.972
1019,3,,,0.04,1.249,-0.15,-0.36,0.11,14.006,4.691
1020,3,,,0.06,1.429,-0.15,-0.13,0.07,14.089,5.553
1021,3,,,0.08,1.256,-0.15,-0.35,-0.06,14.168,4.495
1022,3,,,0.09,1.237,-0.16,-0.33,-0.08,14.046,5.605
1023,3,,,0.11,1.152,-0.17,-0.26,0.08,14.007,4.893
1024,3,,,0.08,1.226,-0.17,-0.43,0.11,14.177,4.075
1025,3,,,0.07,1.015,-0.17,-0.64,-0.03,14.116,5.52
1026,2,,,0.07,1.208,-0.16,-0.46,-0.09,13.567,4.813
1027,2,,,0.06,1.447,-0.15,-0.28,0,13.628,4.999
1028,2,,,0.07,1.313,-0.14,-0.17,0.08,13.719,4.24
1029,2,,,0.07,1.199,-0.14,-0.34,0.09,13.822,5.527
1030,2,,,0.07,1.316,-0.14,-0.01,0.1,13.762,4.477
1031,1,,,0.05,1.206,-0.15,-0.08,0.06,13.655,4.441
1032,0,,,0.03,1.062,-0.17,-0.56,-0.05,13.778,5.258
1033,0,,,0.03,1.223,-0.18,-0.07,-0.13,13.776,4.443
1034,0,,,0.01,1.162,-0.19,-0.18,-0.16,13.912,5.144
1035,0,,,0.02,1.143,-0.19,-0.32,-0.2,13.984,4.729
1036,0,,,0,1.078,-0.19,-0.33,-0.17,13.943,4.513
1037,0,,,-0.02,1.149,-0.18,-0.32,-0.08,14.116,5.113
1038,0,,,-0.01,1.132,-0.17,-0.33,-0.04,14.047,5.587
1039,0,,,-0.03,1.072,-0.16,-0.37,-0.04,13.9,4.515
1040,1,,,-0.03,1.128,-0.15,-0.23,0.01,13.907,4.476
1041,1,,,-0.05,1.084,-0.16,-0.2,0.08,14.039,5.348
1042,0,,,-0.06,1.034,-0.17,-0.17,-0.02,13.966,6.05
1043,1,,,-0.03,1.143,-0.19,0,-0.23,14.092,5.198
1044,0,,,-0.03,1.141,-0.2,-0.29,-0.28,14.07,4.486
1045,0,,,-0.02,1.027,-0.22,-0.4,-0.16,14.054,5.498
1046,1,,,-0.01,1.075,-0.23,-0.3,-0.07,14.155,5.888
1047,0,,,0.01,0.959,-0.23,-0.41,-0.16,14.14,3.509
1048,0,,,0.03,1.149,-0.23,-0.2,-0.34,13.885,3.088
1049,0,,,0.02,1.085,-0.22,-0.29,-0.32,13.909,4.419
1050,0,,,0.01,1.138,-0.21,-0.18,-0.18,13.827,4.998
1051,0,,,-0.01,0.935,-0.2,-0.39,-0.13,13.657,5.12
1052,0,,,0.01,1.119,-0.19,-0.19,-0.17,13.922,5.203
1053,0,,,0.02,0.988,-0.2,-0.19,-0.2,13.923,4.548
1054,1,,,0,0.895,-0.2,-0.41,-0.22,13.957,4.331
1055,0,,,-0.01,0.949,-0.21,-0.38,-0.28,13.908,4.737
1056,0,,,-0.01,0.996,-0.22,-0.28,-0.25,13.963,4.372
1057,0,,,-0.01,1.068,-0.21,-0.15,-0.18,14.02,5.295
1058,0,,,-0.02,0.943,-0.2,-0.45,-0.2,13.736,5.642
1059,0,,,-0.02,0.861,-0.18,-0.31,-0.2,13.666,4.872
1060,0,,,-0.02,0.726,-0.16,-0.44,-0.02,13.679,3.654
1061,0,,,0,1.089,-0.14,-0.27,0.13,13.921,4.523
1062,0,,,0.01,1.061,-0.13,-0.21,0,13.892,4.408
1063,0,,,0,0.956,-0.13,-0.25,-0.13,13.822,5.928
1064,0,,,0,1.119,-0.15,-0.18,-0.01,13.844,5.036
1065,1,,,0.01,1.116,-0.17,-0.45,0.07,13.994,5.062
1066,2,,,0.02,1.184,-0.2,-0.31,-0.12,13.832,5.375
1067,1,,,0.01,1.048,-0.22,-0.42,-0.34,13.884,5.279
1068,2,,,0,0.861,-0.23,-0.54,-0.4,14.085,5.179
1069,1,,,0.02,0.858,-0.23,-0.48,-0.42,14.106,5.477
1070,1,,,0.02,0.892,-0.23,-0.45,-0.41,14.15,5.537
1071,1,,,0.02,0.871,-0.22,-0.63,-0.32,14.189,4.9
1072,2,,,0.01,0.95,-0.2,-0.49,-0.26,14.121,3.934
1073,0,,,0,1.022,-0.19,-0.23,-0.27,14.085,5.689
1074,0,,,0,1.081,-0.19,-0.16,-0.24,14.097,4.901
1075,0,,,0,1.21,-0.18,-0.5,-0.16,13.914,5.184
1076,1,,,0,1.168,-0.18,-0.28,-0.15,14.054,5.085
1077,2,,,0,1.101,-0.19,-0.31,-0.21,14.105,4.739
1078,2,,,0.04,1.207,-0.18,-0.36,-0.23,13.971,3.121
1079,4,,,0.06,1.224,-0.18,-0.25,-0.12,13.89,4.17
1080,3,,,0.05,1.297,-0.17,-0.33,-0.01,13.816,4.359
1081,4,,,0.05,1.354,-0.15,-0.26,0.04,13.878,4.943
1082,4,,,0.07,1.195,-0.14,-0.19,0.02,13.89,4.494
1083,3,,,0.08,1.203,-0.13,-0.18,-0.03,14.092,4.413
1084,3,,,0.11,1.209,-0.12,-0.07,-0.01,13.904,3.814
1085,2,,,0.11,1.19,-0.12,-0.09,0.04,14.048,4.84
1086,3,,,0.12,1.079,-0.12,-0.36,0.11,14.127,5.021
1087,3,,,0.13,1.213,-0.12,-0.22,0.13,14.084,4.815
1088,3,,,0.12,1.09,-0.12,-0.37,0.08,14.048,4.804
1089,5,,,0.12,1.232,-0.11,-0.08,0.06,14.247,4.922
1090,5,,,0.1,1.203,-0.11,-0.25,0.13,14.139,5.095
1091,6,,,0.09,1.239,-0.11,-0.32,0.18,14.109,4.819
1092,5,,,0.09,1.141,-0.11,-0.35,0.11,14.327,5.26
1093,6,,,0.09,1.144,-0.12,-0.19,0,14.397,6.785
1094,5,,,0.07,1.318,-0.14,-0.24,-0.02,14.349,6.634
1095,2,,,0.06,1.246,-0.16,-0.14,-0.04,14.351,4.76
1096,2,,,0.06,0.934,-0.18,-0.25,-0.1,14.397,6.046
1097,1,,,0.06,1.114,-0.2,-0.19,-0.24,14.256,5.442
1098,2,,,0.07,0.905,-0.22,-0.4,-0.34,14.194,5.134
1099,2,,,0.07,0.969,-0.22,-0.56,-0.18,14.218,5.245
1100,2,,,0.07,1.031,-0.21,-0.45,-0.04,14.189,4.729
1101,2,,,0.08,1.004,-0.19,-0.53,-0.08,14.213,4.364
1102,2,,,0.08,1.073,-0.16,-0.39,-0.2,14.148,4.824
1103,2,,,0.07,0.922,-0.14,-0.25,-0.21,14.163,5.997
1104,2,,,0.04,1.045,-0.12,-0.15,0.09,14.124,5.534
1105,2,,,0.02,1.005,-0.12,-0.45,0.37,14.118,4.824
1106,3,,,0.02,1.087,-0.12,-0.22,0.33,14.007,5.316
1107,1,,,0.01,1.182,-0.14,-0.21,0.12,14.06,3.385
1108,1,,,0.01,1.126,-0.16,-0.45,0.02,14.13,5.092
1109,2,,,0,0.991,-0.17,-0.36,0.04,14.097,5.22
1110,2,,,0,0.937,-0.19,-0.4,0.04,14.076,4.348
1111,2,,,-0.01,1.051,-0.19,-0.51,0.07,14.072,5.837
1112,2,,,-0.03,1.063,-0.19,-0.46,0.09,13.995,5.707
1113,1,,,-0.04,1.079,-0.18,-0.33,0.03,13.968,6.079
1114,0,,,-0.04,0.928,-0.17,-0.26,0.04,14.05,3.92
1115,0,,,-0.02,0.911,-0.16,-0.54,0.14,14.1,4.675
1116,1,,,-0.01,1.017,-0.16,-0.47,0.17,14.133,5.075
1117,1,,,0,0.933,-0.17,-0.43,0.11,14.108,5.021
1118,1,,,0.02,0.885,-0.18,-0.59,0.05,14.066,4.998
1119,1,,,-0.01,0.921,-0.2,-0.37,0.03,14.175,5.592
1120,0,,,-0.02,0.954,-0.23,-0.51,-0.05,14.213,5.215
1121,0,,,-0.02,0.807,-0.25,-0.55,-0.14,14.271,4.716
1122,0,,,-0.01,0.819,-0.26,-0.78,-0.15,14.327,5.036
1123,1,,,0,0.931,-0.26,-0.38,-0.18,14.12,4.933
1124,1,,,0,0.828,-0.26,-0.53,-0.17,14.327,5.271
1125,1,,,0,0.819,-0.25,-0.71,-0.19,14.344,5.581
1126,1,,,-0.01,0.835,-0.24,-0.62,-0.36,14.383,5.628
1127,1,,,-0.01,0.977,-0.23,-0.48,-0.41,14.325,5.546
1128,1,,,-0.02,1.003,-0.22,-0.57,-0.24,14.333,4.659
1129,1,,,-0.04,0.963,-0.22,-0.52,-0.1,14.363,5.266
1130,1,,,-0.03,1.017,-0.23,-0.49,-0.04,14.276,5.244
1131,1,,,-0.02,0.989,-0.24,-0.3,-0.08,14.36,5.113
1132,1,,,-0.02,0.884,-0.25,-0.31,-0.28,14.472,4.879
1133,1,,,-0.02,0.926,-0.26,-0.49,-0.43,14.257,5.57
1134,1,,,-0.02,0.906,-0.27,-0.62,-0.34,14.373,4.612
1135,1,,,-0.01,0.894,-0.28,-0.43,-0.21,14.371,5.109
1136,0,,,0,0.793,-0.28,-0.66,-0.15,14.355,4.832
1137,1,,,0.01,0.867,-0.29,-0.67,-0.1,14.183,5.361
1138,3,,,0,0.873,-0.28,-0.61,-0.14,14.338,6.145
1139,2,,,0,0.932,-0.28,-0.59,-0.24,14.26,4.988
1140,3,,,0.01,0.784,-0.27,-0.82,-0.26,14.208,4.796
1141,2,,,0,0.899,-0.27,-0.53,-0.21,14.346,5.655
1142,2,,,0,1.074,-0.26,-0.35,-0.12,14.373,5.582
1143,2,,,0,1.042,-0.26,-0.34,0,14.482,6.164
1144,2,,,-0.01,1.022,-0.26,-0.05,0.05,14.428,6.345
1145,2,,,-0.01,0.847,-0.27,-0.49,-0.04,14.423,5.84
1146,3,,,-0.02,0.907,-0.28,-0.41,-0.14,14.538,6.032
1147,4,,,-0.04,0.932,-0.3,-0.35,-0.21,14.663,6.433
1148,4,,,-0.05,0.966,-0.31,-0.39,-0.22,14.472,5.042
1149,4,,,-0.05,0.973,-0.32,-0.47,-0.23,14.534,6.007
1150,4,,,-0.03,0.936,-0.33,-0.56,-0.37,14.343,5.865
1151,4,,,-0.03,0.811,-0.33,-0.73,-0.44,14.445,5.672
1152,4,,,-0.02,0.967,-0.33,-0.61,-0.3,14.178,4.95
1153,4,,,0,0.962,-0.32,-0.46,-0.19,14.323,4.258
1154,4,,,0,0.896,-0.3,-0.56,-0.15,14.146,5.367
1155,3,,,0.01,1.035,-0.28,-0.35,-0.11,14.338,6.056
1156,3,,,0.03,1.007,-0.26,-0.39,-0.14,14.067,4.315
1157,4,,,0.04,1.04,-0.24,-0.42,-0.16,14.204,4.948
1158,2,,,0.06,0.964,-0.22,-0.46,-0.08,14.242,5.224
1159,2,,,0.08,1.172,-0.21,-0.32,-0.01,14.059,4.837
1160,3,,,0.09,1.085,-0.21,-0.59,-0.03,14.046,4.963
1161,3,,,0.09,0.974,-0.21,-0.53,-0.15,14.035,5.545
1162,3,,,0.09,1.034,-0.21,-0.32,-0.24,14.071,5.572
1163,3,,,0.11,1.099,-0.21,-0.28,-0.22,14.164,5.485
1164,3,,,0.11,1.098,-0.21,-0.36,-0.17,14.322,5.322
1165,4,,,0.11,1.141,-0.21,-0.28,-0.1,14.194,5.097
1166,3,,,0.1,1.047,-0.21,-0.38,-0.05,14.076,3.915
1167,4,,,0.09,1.006,-0.2,-0.34,-0.09,13.991,4.603
1168,4,,,0.09,1.169,-0.2,-0.2,-0.13,14.25,4.528
1169,3,,,0.08,1.087,-0.2,-0.26,-0.13,14.206,5.842
1170,5,,,0.08,0.981,-0.2,-0.47,-0.24,13.936,5.06
1171,6,,,0.07,0.973,-0.2,-0.27,-0.35,14.127,6.211
1172,5,,,0.05,1.001,-0.21,-0.5,-0.29,14.176,5.59
1173,5,,,0.04,0.944,-0.21,-0.41,-0.15,14.265,5.52
1174,6,,,0.03,0.973,-0.21,-0.49,-0.12,14.201,5.54
1175,4,,,0.01,0.99,-0.21,-0.31,-0.19,13.619,5.084
1176,4,,,0,0.997,-0.2,-0.55,-0.19,13.65,3.933
1177,4,,,0,0.894,-0.2,-0.49,-0.09,13.537,4.549
1178,3,,,0.01,0.905,-0.19,-0.34,0,13.637,4.619
1179,3,,,0,0.863,-0.18,-0.56,-0.07,13.865,4.381
1180,3,,,0.01,0.836,-0.17,-0.67,-0.15,13.987,4.677
1181,3,,,0.01,0.959,-0.17,-0.28,-0.09,14.07,5.302
1182,3,,,0.02,0.876,-0.18,-0.71,-0.02,14.169,6.007
1183,3,,,0.03,0.967,-0.19,-0.36,-0.04,14.272,6.104
1184,2,,,0.02,0.979,-0.2,-0.57,-0.08,14.257,5.086
1185,4,,,0.02,0.909,-0.21,-0.43,-0.15,14.197,4.349
1186,3,,,0.05,0.861,-0.22,-0.63,-0.24,14.259,4.468
1187,3,,,0.07,0.943,-0.22,-0.46,-0.24,14.221,4.929
1188,3,,,0.08,1.003,-0.22,-0.47,-0.2,14.219,5.661
1189,3,,,0.07,0.98,-0.22,-0.55,-0.18,14.288,5.593
1190,1,,,0.07,1.036,-0.22,-0.51,-0.18,14.225,5.422
1191,1,,,0.06,0.902,-0.23,-0.57,-0.2,14.127,4.921
1192,1,,,0.04,0.971,-0.23,-0.46,-0.23,14.152,4.093
1193,1,,,0.04,1.005,-0.23,-0.56,-0.28,14.09,4.975
1194,1,,,0.05,0.883,-0.24,-0.55,-0.3,13.792,3.752
1195,1,,,0.05,1.003,-0.25,-0.62,-0.31,13.937,4.389
1196,1,,,0.03,0.845,-0.25,-0.72,-0.37,13.912,4.68
1197,2,,,0.01,0.925,-0.25,-0.57,-0.34,13.852,4.355
1198,2,,,0.01,0.908,-0.25,-0.62,-0.33,13.913,4.596
1199,2,,,0.01,0.978,-0.24,-0.55,-0.38,13.873,5.37
1200,2,,,0.01,0.806,-0.23,-0.63,-0.31,14.146,5.324
1201,2,,,-0.01,0.802,-0.23,-0.73,-0.19,14.026,5.917
1202,3,,,-0.02,0.923,-0.24,-0.58,-0.11,14.193,5.606
1203,3,,,-0.01,0.899,-0.25,-0.67,-0.07,14.022,4.457
1204,3,,,-0.02,0.841,-0.26,-0.6,-0.08,14.076,4.84
1205,2,,,-0.03,0.789,-0.27,-0.82,-0.21,13.889,5.299
1206,2,,,-0.02,0.698,-0.28,-0.69,-0.37,13.908,5.192
1207,2,,,-0.01,0.692,-0.28,-0.65,-0.45,13.83,4.438
1208,3,,,-0.01,0.856,-0.26,-0.24,-0.44,13.933,3.745
1209,4,,,-0.02,0.876,-0.25,-0.38,-0.33,13.84,4.562
1210,4,,,-0.04,0.742,-0.24,-0.47,-0.2,13.952,5.108
1211,4,,,-0.04,0.872,-0.23,-0.27,-0.12,14.13,4.942
1212,5,,,-0.03,0.901,-0.24,-0.43,-0.1,14.008,4.993
1213,4,,,-0.02,0.833,-0.25,-0.45,-0.13,13.972,4.014
1214,5,,,-0.02,0.896,-0.27,-0.52,-0.21,14.082,4.85
1215,4,,,-0.01,0.926,-0.3,-0.5,-0.29,14.244,5.267
1216,4,,,0.01,0.867,-0.32,-0.42,-0.39,14.348,4.792
1217,3,,,0.01,0.773,-0.33,-0.58,-0.58,14.135,5.103
1218,2,,,0.01,0.827,-0.33,-0.29,-0.57,14.155,5.693
1219,2,,,0.03,0.844,-0.32,-0.41,-0.31,14.178,5.91
1220,2,,,0.04,0.885,-0.29,-0.32,-0.17,14.006,5.17
1221,2,,,0.04,0.958,-0.26,-0.17,-0.17,14.046,4.302
1222,3,,,0.06,1.001,-0.24,-0.37,-0.12,14.16,4.553
1223,3,,,0.06,1.025,-0.22,-0.31,-0.1,14.164,4.944
1224,3,,,0.06,1.023,-0.2,-0.2,-0.11,14.177,5.203
1225,3,,,0.05,1.041,-0.2,-0.11,-0.1,14.106,4.989
1226,3,,,0.04,0.954,-0.2,-0.17,-0.17,14.255,5.514
1227,3,,,0.02,0.915,-0.21,-0.2,-0.25,14.005,5.21
1228,3,,,0,0.932,-0.22,-0.04,-0.07,14.128,5.339
1229,3,,,-0.02,0.998,-0.24,-0.12,0.1,13.755,4.911
1230,3,,,-0.04,0.809,-0.25,-0.23,0.07,13.892,5.183
1231,3,,,-0.04,0.922,-0.26,-0.07,-0.02,13.951,4.888
1232,3,,,-0.05,0.858,-0.26,-0.24,-0.16,14.1,4.563
1233,4,,,-0.07,0.848,-0.26,-0.34,-0.33,14.213,5.782
1234,4,,,-0.06,0.795,-0.26,-0.51,-0.4,14.07,5.159
1235,4,,,-0.07,0.711,-0.25,-0.51,-0.43,14.138,4.212
1236,5,,,-0.05,0.681,-0.24,-0.53,-0.46,14.079,4.613
1237,6,,,-0.04,0.704,-0.22,-0.31,-0.39,13.886,4.143
1238,6,,,-0.03,0.738,-0.21,-0.53,-0.27,13.787,3.989
1239,6,,,-0.01,0.807,-0.21,-0.43,-0.21,13.944,3.461
1240,7,,,0.01,0.88,-0.21,-0.2,-0.16,14.133,4.69
1241,8,,,0.02,0.899,-0.22,-0.29,-0.13,14.125,5.735
1242,6,,,0.02,0.873,-0.24,-0.31,-0.19,14.181,4.462
1243,4,,,0.02,0.84,-0.25,-0.44,-0.27,14.246,5.148
1244,3,,,0.03,0.811,-0.27,-0.28,-0.27,14.266,6.247
1245,3,,,0.02,0.884,-0.27,-0.36,-0.28,14.227,6.01
1246,3,,,0.02,0.849,-0.27,-0.3,-0.34,14.167,4.208
1247,3,,,0,0.802,-0.26,-0.31,-0.27,14.312,5.699
1248,3,,,0,0.905,-0.25,-0.43,-0.08,14.314,5.105
1249,2,,,-0.01,0.893,-0.24,-0.33,0,14.354,5.348
1250,2,,,-0.01,0.882,-0.23,-0.3,-0.11,14.082,5.309
1251,1,,,-0.02,0.841,-0.24,-0.33,-0.26,14.105,5.186
1252,1,,,-0.02,0.867,-0.25,-0.33,-0.34,14.27,5.228
1253,1,,,-0.05,0.992,-0.27,-0.29,-0.46,14.161,5.44
1254,1,,,-0.08,0.799,-0.28,-0.24,-0.58,14.096,5.007
1255,1,,,-0.09,0.881,-0.29,-0.11,-0.52,14.057,4.628
1256,1,,,-0.09,0.908,-0.3,-0.27,-0.4,14.172,3.566
1257,1,,,-0.09,0.948,-0.29,-0.06,-0.44,14.259,3.822
1258,1,,,-0.1,0.802,-0.28,-0.31,-0.53,14.086,4.462
1259,2,,,-0.11,0.763,-0.27,-0.37,-0.4,13.03,3.262
1260,2,,,-0.12,0.856,-0.26,-0.28,-0.21,12.717,4.543
1261,3,,,-0.12,0.832,-0.26,-0.37,-0.15,12.98,3.68
1262,3,,,-0.13,0.898,-0.26,-0.64,-0.2,13.392,3.619
1263,5,,,-0.14,0.719,-0.27,-0.73,-0.37,13.407,3.787
1264,4,,,-0.1,0.781,-0.28,-0.5,-0.56,13.839,4.202
1265,4,,,-0.07,0.803,-0.29,-0.34,-0.46,13.866,3.969
1266,2,,,-0.05,0.82,-0.29,-0.25,-0.2,13.977,4.535
1267,2,,,-0.05,0.811,-0.29,-0.28,-0.09,13.861,5.038
1268,2,,,-0.05,0.876,-0.29,-0.26,-0.21,13.821,5.009
1269,2,,,-0.04,0.894,-0.28,-0.25,-0.38,13.913,4.813
1270,2,,,-0.03,0.806,-0.29,-0.37,-0.38,13.968,5.495
1271,1,,,-0.02,0.851,-0.29,-0.27,-0.28,14.044,5.382
1272,1,,,-0.03,0.891,-0.3,-0.27,-0.33,13.985,4.88
1273,1,,,-0.03,0.822,-0.31,-0.15,-0.44,14.018,4.891
1274,2,,,-0.03,0.877,-0.32,-0.11,-0.31,14.04,5.516
1275,2,,,-0.04,0.957,-0.33,-0.14,-0.2,13.796,4.421
1276,2,,,-0.03,0.88,-0.34,-0.18,-0.33,13.786,3.605
1277,2,,,-0.03,0.899,-0.34,-0.16,-0.44,13.881,5.032
1278,2,,,-0.03,0.883,-0.34,-0.37,-0.36,13.912,4.282
1279,1,,,-0.05,0.932,-0.34,-0.28,-0.22,13.784,3.342
1280,1,,,-0.06,0.84,-0.34,-0.47,-0.22,13.805,4.946
1281,1,,,-0.07,0.917,-0.34,-0.3,-0.34,13.794,4.469
1282,3,,,-0.08,0.867,-0.35,-0.32,-0.39,13.891,5.494
1283,2,,,-0.1,0.957,-0.35,-0.31,-0.42,13.869,4.496
1284,2,,,-0.09,0.871,-0.36,-0.29,-0.62,14.057,6.073
1285,2,,,-0.09,0.843,-0.36,-0.36,-0.76,13.704,3.082
1286,1,,,-0.11,0.878,-0.36,-0.48,-0.57,13.566,3.432
1287,1,,,-0.12,0.837,-0.35,-0.37,-0.43,13.548,3.528
1288,1,,,-0.12,0.85,-0.34,-0.26,-0.54,13.46,3.059
1289,1,,,-0.12,0.844,-0.33,-0.59,-0.55,13.465,4.047
1290,1,,,-0.09,0.84,-0.32,-0.56,-0.43,13.644,5.462
1291,2,,,-0.09,0.836,-0.32,-0.49,-0.46,13.718,4.972
1292,2,,,-0.09,0.855,-0.33,-0.5,-0.6,13.705,4.523
1293,2,,,-0.09,0.707,-0.34,-0.69,-0.61,13.891,5.109
1294,3,,,-0.06,0.74,-0.34,-0.57,-0.57,13.894,4.937
1295,4,,,-0.05,0.751,-0.35,-0.6,-0.6,13.565,4.621
1296,4,,,-0.05,0.725,-0.35,-0.48,-0.63,13.519,3.668
1297,4,,,-0.04,0.668,-0.35,-0.73,-0.58,13.721,4.673
1298,4,,,-0.04,0.78,-0.34,-0.55,-0.6,13.79,5.006
1299,3,,,-0.02,0.781,-0.32,-0.58,-0.64,13.789,4.818
1300,3,,,0.01,0.731,-0.3,-0.83,-0.58,13.77,4.73
1301,4,,,0.01,0.945,-0.28,-0.46,-0.47,13.942,5.903
1302,5,,,0.03,0.856,-0.26,-0.63,-0.4,13.957,4.243
1303,3,,,0.03,0.955,-0.26,-0.5,-0.42,13.911,5.6
1304,3,,,0.04,0.912,-0.26,-0.54,-0.44,13.955,4.602
1305,3,,,0.03,0.836,-0.26,-0.52,-0.43,14.017,5.243
1306,3,,,0.03,0.893,-0.26,-0.41,-0.48,13.862,5.366
1307,3,,,0.02,0.874,-0.26,-0.41,-0.51,13.845,4.832
1308,3,,,0.02,0.899,-0.26,-0.41,-0.45,13.889,3.981
1309,3,,,0.02,0.84,-0.25,-0.3,-0.39,13.753,3.398
1310,4,,,0.02,0.95,-0.24,-0.51,-0.31,13.831,3.885
1311,3,,,0.02,0.94,-0.23,-0.29,-0.26,13.796,3.825
1312,3,,,0.01,0.867,-0.22,-0.62,-0.3,13.802,3.791
1313,4,,,0.01,1.034,-0.22,-0.38,-0.28,13.809,4.804
1314,5,,,0.01,1.012,-0.23,-0.48,-0.26,13.701,3.952
1315,6,,,0,1.003,-0.24,-0.22,-0.39,13.915,4.318
1316,5,,,-0.01,0.934,-0.25,-0.37,-0.47,13.811,4.685
1317,5,,,-0.02,1.018,-0.26,-0.45,-0.49,13.889,5.129
1318,5,,,0,0.95,-0.26,-0.29,-0.55,13.898,2.986
1319,4,,,0,0.963,-0.26,-0.28,-0.52,13.769,5.049
1320,5,,,0.01,0.953,-0.25,-0.29,-0.36,13.946,5.784
1321,6,,,0.01,1.055,-0.24,-0.33,-0.28,13.915,4.34
1322,7,,,0,0.999,-0.22,-0.34,-0.38,13.959,3.641
1323,7,,,-0.01,1.047,-0.2,-0.35,-0.47,13.864,5.028
1324,6,,,-0.02,1.027,-0.19,-0.29,-0.37,13.722,4.92
1325,6,,,-0.03,1.07,-0.18,-0.2,-0.23,13.879,4.65
1326,5,,,-0.03,1.114,-0.18,-0.3,-0.15,13.928,4.042
1327,4,,,-0.02,1.199,-0.17,-0.26,-0.18,13.893,4.4
1328,4,,,-0.02,1.072,-0.17,-0.38,-0.34,13.892,5.133
1329,3,,,-0.01,1.005,-0.18,-0.42,-0.38,13.537,4.377
1330,3,,,-0.02,0.974,-0.19,-0.67,-0.19,13.475,4.536
1331,3,,,-0.04,1.028,-0.2,-0.33,-0.08,13.74,3.518
1332,4,,,-0.06,0.92,-0.22,-0.43,-0.11,13.657,3.915
1333,4,,,-0.07,0.962,-0.25,-0.5,-0.19,13.78,4.657
1334,3,,,-0.06,0.914,-0.27,-0.4,-0.33,13.644,4.086
1335,3,,,-0.06,0.876,-0.3,-0.55,-0.51,13.732,4.377
1336,3,,,-0.05,0.765,-0.32,-0.58,-0.57,13.703,4.191
1337,4,,,-0.07,0.858,-0.34,-0.5,-0.55,13.733,4.759
1338,4,,,-0.07,0.806,-0.34,-0.6,-0.6,13.755,4.8
1339,4,,,-0.08,0.867,-0.34,-0.48,-0.54,13.827,5.173
1340,4,,,-0.1,0.821,-0.34,-0.61,-0.4,13.88,3.801
1341,5,,,-0.11,0.879,-0.33,-0.37,-0.26,13.811,4.006
1342,6,,,-0.11,0.864,-0.33,-0.6,-0.17,13.941,3.962
1343,8,,,-0.11,0.942,-0.33,-0.52,-0.18,13.903,4.184
1344,6,,,-0.11,0.893,-0.33,-0.63,-0.26,13.9,5.148
1345,6,,,-0.12,0.847,-0.34,-0.69,-0.29,13.719,4.419
1346,7,,,-0.13,0.785,-0.36,-0.73,-0.29,13.742,5.303
1347,5,,,-0.13,0.717,-0.38,-0.8,-0.31,13.701,4.248
1348,5,,,-0.12,0.713,-0.39,-0.82,-0.32,13.664,4.833
1349,3,,,-0.12,0.751,-0.39,-0.7,-0.34,13.727,4.944
1350,4,,,-0.13,0.7,-0.38,-0.79,-0.43,13.559,3.934
1351,5,,,-0.12,0.744,-0.37,-0.5,-0.46,13.688,3.806
1352,6,,,-0.12,0.777,-0.34,-0.49,-0.29,13.644,3.545
1353,6,,,-0.13,0.757,-0.31,-0.71,-0.2,13.736,4.971
1354,6,,,-0.12,0.769,-0.29,-0.46,-0.23,13.817,4.986
1355,6,,,-0.11,0.874,-0.27,-0.47,-0.14,13.831,4.893
1356,5,,,-0.1,0.934,-0.26,-0.29,0.01,13.695,5
1357,4,,,-0.09,0.897,-0.27,-0.46,-0.01,13.864,5.205
1358,6,,,-0.09,0.882,-0.28,-0.64,-0.14,13.641,4.999
1359,5,,,-0.08,0.914,-0.3,-0.64,-0.2,13.632,5.973
1360,5,,,-0.06,0.821,-0.32,-0.5,-0.28,13.779,4.945
1361,6,,,-0.04,0.869,-0.33,-0.57,-0.4,13.624,5.225
1362,6,,,-0.03,0.955,-0.33,-0.39,-0.41,13.664,4.173
1363,6,,,-0.03,0.912,-0.31,-0.48,-0.33,13.751,4.298
1364,5,,,-0.02,0.896,-0.29,-0.48,-0.36,13.913,5.706
1365,5,,,-0.01,0.891,-0.27,-0.52,-0.4,13.997,4.84
1366,4,,,-0.02,0.907,-0.25,-0.28,-0.28,13.821,5.367
1367,5,,,-0.02,0.98,-0.22,-0.2,-0.14,13.727,4.455
1368,6,,,-0.01,0.967,-0.21,-0.53,-0.15,13.882,5.49
1369,6,,,-0.01,0.975,-0.21,-0.39,-0.26,14.002,5.439
1370,7,,,-0.02,0.926,-0.21,-0.58,-0.34,13.824,3.456
1371,5,,,-0.03,0.979,-0.22,-0.5,-0.45,14.022,5.111
1372,5,,,-0.04,0.935,-0.23,-0.52,-0.47,13.996,5.64
1373,5,,,-0.05,0.942,-0.24,-0.38,-0.33,14.116,3.998
1374,5,,,-0.05,0.954,-0.26,-0.32,-0.23,14.117,5.198
1375,7,,,-0.04,0.916,-0.28,-0.44,-0.28,13.895,4.623
1376,7,,,-0.04,1.039,-0.29,-0.33,-0.42,13.77,5.06
1377,6,,,-0.04,0.95,-0.3,-0.5,-0.53,13.723,4.986
1378,9,,,-0.04,1.031,-0.31,-0.42,-0.54,13.772,3.812
1379,7,,,-0.03,0.878,-0.31,-0.31,-0.54,13.609,3.976
1380,7,,,-0.02,0.89,-0.3,-0.47,-0.48,13.671,3.778
1381,8,,,0,0.956,-0.28,-0.37,-0.42,13.939,5.796
1382,7,,,0,0.969,-0.26,-0.27,-0.41,14.067,5.985
1383,6,,,-0.01,0.942,-0.24,-0.34,-0.32,13.917,4.7
1384,6,,,0,0.983,-0.22,-0.3,-0.19,13.917,4.613
1385,7,,,0,0.985,-0.2,-0.4,-0.11,13.766,4.323
1386,8,,,-0.01,0.918,-0.19,-0.14,-0.15,13.817,3.898
1387,8,,,0,0.964,-0.19,-0.32,-0.22,13.73,4.134
1388,9,,,-0.01,1.039,-0.19,-0.26,-0.23,13.642,4.39
1389,6,,,-0.01,1.011,-0.19,-0.47,-0.29,13.723,5.374
1390,6,,,-0.03,0.965,-0.2,-0.27,-0.37,13.779,5.125
1391,6,,,-0.02,0.89,-0.2,-0.15,-0.33,13.853,4.812
1392,6,,,-0.04,0.859,-0.2,-0.53,-0.29,13.862,3.765
1393,6,,,-0.04,0.894,-0.2,-0.49,-0.25,13.937,5.328
1394,7,,,-0.03,0.931,-0.21,-0.28,-0.2,13.917,5.059
1395,7,,,-0.03,0.994,-0.22,-0.24,-0.28,13.773,4.048
1396,6,,,-0.03,0.928,-0.23,-0.24,-0.42,13.889,4.355
1397,6,,,-0.02,0.925,-0.25,-0.42,-0.45,13.874,4.631
1398,6,,,-0.02,0.955,-0.26,-0.41,-0.44,13.691,5.345
1399,6,,,0,0.929,-0.28,-0.46,-0.47,13.831,5.932
1400,6,,,0,0.873,-0.28,-0.46,-0.49,13.776,5.545
1401,6,,,0,0.894,-0.27,-0.47,-0.46,14.009,4.366
1402,8,,,-0.01,0.884,-0.26,-0.48,-0.39,13.831,4.829
1403,9,,,0,0.948,-0.23,-0.35,-0.35,13.784,4.804
1404,9,,,0.01,0.924,-0.21,-0.33,-0.26,13.766,5.732
1405,9,,,0.01,0.951,-0.18,-0.21,-0.11,13.602,5.227
1406,8,,,0.03,1.055,-0.16,-0.28,-0.08,13.604,4.347
1407,6,,,0.03,1.02,-0.15,-0.3,-0.22,13.704,4.523
1408,7,,,0.02,0.991,-0.15,-0.31,-0.25,13.669,3.254
1409,7,,,0.02,1.058,-0.16,-0.04,-0.2,13.811,5.101
1410,6,,,0,1.002,-0.17,-0.15,-0.2,13.771,3.323
1411,9,,,0,1.051,-0.19,-0.1,-0.19,13.727,4.464
1412,5,,,0,0.94,-0.2,-0.39,-0.21,13.727,5.279
1413,7,,,0,0.957,-0.22,-0.11,-0.34,13.996,5.488
1414,4,,,0,0.894,-0.23,-0.26,-0.4,14.087,5.482
1415,6,,,-0.01,0.968,-0.23,-0.26,-0.33,13.962,6.119
1416,6,,,-0.01,0.927,-0.23,-0.43,-0.17,13.978,5.156
1417,4,,,-0.02,0.946,-0.23,-0.14,-0.02,13.798,4.364
1418,4,,,-0.03,0.929,-0.23,-0.1,-0.02,14.067,4.991
1419,5,,,-0.02,0.946,-0.22,-0.29,-0.11,13.836,4.995
1420,5,,,0,0.936,-0.22,-0.36,-0.18,13.857,4.997
1421,4,,,0,0.925,-0.21,-0.37,-0.22,13.87,5.258
1422,4,,,0.01,0.945,-0.21,-0.43,-0.15,13.898,5.449
1423,5,,,0,0.909,-0.21,-0.43,0,13.806,5.531
1424,5,,,-0.01,1.025,-0.21,-0.02,0,13.791,4.208
1425,7,,,-0.01,1.041,-0.21,-0.29,-0.15,13.832,4.271
1426,8,,,-0.01,0.951,-0.2,-0.14,-0.22,13.857,3.989
1427,8,,,-0.02,1.009,-0.2,-0.07,-0.1,13.894,4.499
1428,8,,,-0.01,1.042,-0.2,-0.2,-0.03,13.859,4.054
1429,9,,,-0.01,1.049,-0.21,-0.25,-0.12,13.823,5.009
1430,8,,,-0.02,1.04,-0.21,-0.15,-0.23,13.687,4.115
1431,7,,,-0.04,1.051,-0.22,-0.07,-0.3,13.752,4.397
1432,7,,,-0.03,1.025,-0.23,-0.28,-0.32,13.738,4.238
1433,8,,,-0.05,1.063,-0.24,-0.16,-0.38,13.855,5.352
1434,7,,,-0.05,1.135,-0.26,0.08,-0.43,13.671,4.411
1435,7,,,-0.06,1.107,-0.28,-0.27,-0.31,13.586,4.788
1436,6,,,-0.06,1.065,-0.3,-0.16,-0.22,13.441,4.28
1437,6,,,-0.06,1.105,-0.31,-0.14,-0.31,13.684,5.105
1438,7,,,-0.06,1.071,-0.32,-0.29,-0.38,13.703,4.85
1439,8,,,-0.07,1.086,-0.33,-0.27,-0.31,13.674,5.62
1440,7,,,-0.08,1.084,-0.33,-0.29,-0.26,13.899,5.028
1441,6,,,-0.08,1.039,-0.33,-0.24,-0.33,13.853,4.283
1442,6,,,-0.08,1.042,-0.33,-0.29,-0.34,13.823,5.553
1443,7,,,-0.08,1.031,-0.33,-0.34,-0.21,13.907,4.299
1444,8,,,-0.09,1.016,-0.34,-0.32,-0.21,13.688,4.522
1445,7,,,-0.09,1.082,-0.35,-0.24,-0.35,13.809,5.774
1446,7,,,-0.09,0.947,-0.36,-0.35,-0.46,13.734,4.647
1447,8,,,-0.1,1.048,-0.38,-0.36,-0.55,13.681,5.115
1448,11,,,-0.12,0.928,-0.38,-0.43,-0.64,13.707,4.38
1449,11,,,-0.12,0.967,-0.38,-0.49,-0.71,13.556,4.782
1450,13,,,-0.13,1.02,-0.38,-0.37,-0.73,13.678,4.001
1451,10,,,-0.13,0.939,-0.38,-0.47,-0.66,13.742,4.971
1452,9,,,-0.14,0.915,-0.37,-0.58,-0.62,13.798,4.906
1453,10,,,-0.15,0.877,-0.37,-0.74,-0.59,13.218,4.463
1454,8,,,-0.15,0.867,-0.37,-0.58,-0.57,13.176,3.244
1455,9,,,-0.15,0.837,-0.38,-0.81,-0.68,13.385,4.074
1456,8,,,-0.15,0.795,-0.4,-0.82,-0.84,13.623,5.252
1457,7,,,-0.15,0.842,-0.41,-0.76,-0.81,13.627,4.094
1458,5,,,-0.15,0.763,-0.43,-0.53,-0.59,13.739,4.447
1459,6,,,-0.13,0.765,-0.44,-0.78,-0.48,13.369,3.959
1460,7,,,-0.14,0.792,-0.45,-0.55,-0.57,12.985,3.779
1461,7,,,-0.14,0.838,-0.45,-0.6,-0.66,12.981,4.164
1462,7,,,-0.14,0.765,-0.44,-0.67,-0.61,13.106,4.214
1463,9,,,-0.13,0.859,-0.43,-0.82,-0.59,13.137,4.059
1464,9,,,-0.14,0.895,-0.42,-0.7,-0.71,13.39,4.924
1465,10,,,-0.13,0.875,-0.41,-0.69,-0.71,13.498,4.85
1466,8,,,-0.13,0.799,-0.4,-0.9,-0.58,13.27,3.691
1467,9,,,-0.13,0.833,-0.39,-0.62,-0.56,13.126,4.299
1468,10,,,-0.13,0.795,-0.38,-0.89,-0.61,13.355,4.515
1469,11,,,-0.14,0.887,-0.38,-0.62,-0.48,13.367,3.098
1470,10,,,-0.15,0.894,-0.38,-0.53,-0.32,13.377,4.089
1471,12,,,-0.16,0.892,-0.38,-0.46,-0.34,13.399,4.215
1472,9,,,-0.16,0.894,-0.38,-0.67,-0.43,13.561,4.542
1473,8,,,-0.16,0.887,-0.38,-0.53,-0.52,13.461,3.024
1474,9,,,-0.16,0.969,-0.38,-0.51,-0.65,13.503,4.377
1475,10,,,-0.16,0.981,-0.38,-0.38,-0.7,13.499,3.624
1476,9,,,-0.17,1.056,-0.38,-0.43,-0.56,13.359,4.048
1477,12,,,-0.18,0.956,-0.38,-0.61,-0.41,13.53,4.712
1478,11,,,-0.19,0.979,-0.38,-0.46,-0.47,13.718,4.886
1479,8,,,-0.2,0.894,-0.38,-0.65,-0.6,13.509,4.279
1480,6,,,-0.18,0.958,-0.38,-0.45,-0.57,13.58,3.576
1481,6,,,-0.18,0.898,-0.38,-0.69,-0.52,13.578,4.855
1482,8,,,-0.17,0.947,-0.38,-0.43,-0.57,13.638,5.504
1483,8,,,-0.16,0.936,-0.37,-0.48,-0.45,13.475,4.644
1484,7,,,-0.16,0.906,-0.35,-0.54,-0.2,13.368,2.995
1485,9,,,-0.16,0.971,-0.34,-0.48,-0.11,13.542,4.551
1486,7,,,-0.14,0.984,-0.32,-0.4,-0.11,13.584,3.966
1487,5,,,-0.13,0.977,-0.31,-0.45,-0.12,13.775,4.706
1488,7,,,-0.13,0.979,-0.31,-0.33,-0.12,13.876,5.482
1489,6,,,-0.12,1.097,-0.31,-0.4,-0.02,13.916,4.51
1490,6,,,-0.12,1.088,-0.32,-0.15,-0.03,13.776,4.423
1491,7,,,-0.12,0.992,-0.33,-0.36,-0.31,13.838,4.674
1492,7,,,-0.12,0.997,-0.35,-0.32,-0.58,13.956,4.682
1493,3,,,-0.12,0.976,-0.36,-0.39,-0.48,13.564,3.557
1494,3,,,-0.13,0.919,-0.37,-0.49,-0.34,13.642,4.694
1495,4,,,-0.14,0.942,-0.38,-0.64,-0.47,13.533,4.02
1496,2,,,-0.13,1,-0.38,-0.19,-0.72,13.537,4.32
1497,4,,,-0.14,1,-0.37,-0.43,-0.78,13.569,5.587
1498,3,,,-0.13,0.922,-0.36,-0.43,-0.63,13.567,3.801
1499,7,,,-0.11,0.988,-0.35,-0.25,-0.6,13.763,4.265
1500,5,7.678,199.462,-0.11,1.02,-0.34,-0.19,-0.69,13.763,4.386
1501,6,7.594,208.249,-0.1,1.059,-0.34,-0.13,-0.59,13.759,4.471
1502,6,7.422,204.67,-0.1,1.027,-0.33,-0.33,-0.45,13.634,5.712
1503,7,7.728,194.929,-0.1,1.011,-0.34,-0.6,-0.46,13.763,5.248
1504,3,8.496,183.065,-0.09,1.086,-0.34,-0.33,-0.53,13.544,4.615
1505,1,8.179,213.232,-0.07,1.081,-0.35,-0.2,-0.58,13.34,4.095
1506,2,8.241,208.308,-0.05,1.046,-0.35,-0.23,-0.58,13.436,4.244
1507,2,7.131,196.616,-0.04,1.106,-0.35,-0.07,-0.54,13.502,4.965
1508,3,7.443,222.059,-0.03,1.056,-0.35,-0.1,-0.48,13.309,3.253
1509,2,8.123,189.336,-0.03,1.046,-0.35,-0.38,-0.38,13.662,4.785
1510,3,7.135,210.682,-0.03,1.177,-0.35,-0.08,-0.34,13.747,4.893
1511,2,7.146,213.139,-0.04,1.064,-0.34,-0.43,-0.42,13.627,5.148
1512,4,7.858,201.174,-0.04,1.14,-0.34,-0.19,-0.55,13.685,4.579
1513,4,6.652,188.514,-0.03,1.078,-0.34,-0.34,-0.6,13.803,4.906
1514,3,7.967,207.544,-0.03,1.044,-0.34,-0.47,-0.59,13.684,5.376
1515,1,7.638,232.132,-0.02,1.004,-0.34,-0.42,-0.57,13.677,4.247
1516,1,7.253,189.329,-0.03,0.994,-0.34,-0.58,-0.51,13.626,4.364
1517,1,7.699,194.101,-0.06,1.019,-0.35,-0.66,-0.47,13.426,2.81
1518,1,7.775,199.909,-0.08,0.922,-0.36,-0.55,-0.44,13.482,3.274
1519,1,8.114,211.852,-0.11,1.055,-0.38,-0.38,-0.37,13.585,3.889
1520,3,8.064,209.93,-0.12,1.046,-0.39,-0.61,-0.42,13.636,4.8
1521,4,7.942,192.071,-0.12,1.07,-0.4,-0.35,-0.68,13.463,2.695
1522,4,8.111,218.682,-0.12,1.083,-0.4,-0.65,-0.94,13.44,4.039
1523,4,8.314,218.195,-0.12,0.958,-0.4,-0.55,-0.97,13.514,3.702
1524,3,7.619,200.571,-0.12,1.067,-0.39,-0.6,-0.79,13.538,5.252
1525,3,7.813,198.469,-0.12,1.072,-0.38,-0.52,-0.64,13.41,4.207
1526,4,8.245,199.544,-0.13,1.085,-0.37,-0.45,-0.59,13.469,4.573
1527,2,7.543,209.194,-0.13,1.134,-0.36,-0.4,-0.67,13.296,4.905
1528,2,7.847,215.365,-0.11,1.055,-0.35,-0.43,-0.86,13.249,5.395
1529,4,7.943,220.529,-0.09,0.931,-0.35,-0.59,-0.94,13.533,5.125
1530,2,8.321,198.596,-0.07,1.009,-0.35,-0.32,-0.89,13.456,5.528
1531,3,7.965,211.963,-0.07,0.976,-0.35,-0.58,-0.83,13.774,4.727
1532,2,7.949,201.505,-0.06,0.964,-0.34,-0.59,-0.8,13.631,4.403
1533,3,7.257,209.045,-0.06,0.971,-0.33,-0.54,-0.79,13.621,3.843
1534,3,8.088,184.148,-0.06,1.003,-0.31,-0.54,-0.67,13.581,3.408
1535,4,7.377,205.917,-0.07,1.114,-0.28,-0.23,-0.5,13.429,4.077
1536,4,8.538,171.772,-0.07,1.106,-0.26,-0.2,-0.43,13.476,3.821
1537,3,8.308,213.882,-0.08,1.185,-0.25,-0.18,-0.46,13.661,4.962
1538,3,8.048,195.523,-0.08,1.099,-0.25,-0.1,-0.46,13.49,4.151
1539,2,7.919,214.8,-0.1,1.157,-0.26,-0.03,-0.41,13.549,3.427
1540,3,8.682,156.52,-0.12,1.111,-0.29,-0.02,-0.57,13.541,4.367
1541,2,7.755,207.64,-0.13,1.02,-0.32,-0.32,-0.94,13.687,3.516
1542,6,6.699,218.85,-0.14,1.099,-0.35,-0.34,-1.08,13.512,3.632
1543,6,7.031,202.454,-0.16,0.977,-0.37,-0.55,-0.98,13.426,2.805
1544,5,7.732,206.751,-0.17,1.018,-0.39,-0.41,-0.97,13.345,3.327
1545,4,7.606,190.492,-0.18,1.064,-0.39,-0.21,-0.98,13.558,2.997
1546,5,7.63,183.174,-0.18,1.028,-0.38,-0.37,-0.92,13.515,4.488
1547,5,7.592,197.219,-0.18,1.068,-0.36,-0.33,-0.86,13.561,5.613
1548,2,7.884,201.707,-0.17,1.082,-0.33,-0.3,-0.75,13.701,5.399
1549,5,8.011,201.779,-0.17,1.036,-0.31,-0.45,-0.57,13.433,4.34
1550,1,7.21,214.56,-0.17,1.026,-0.29,-0.21,-0.48,13.489,5.116
1551,1,7.967,207.578,-0.16,1.038,-0.27,-0.18,-0.49,13.481,4.857
1552,1,8.119,217.573,-0.16,1.052,-0.26,-0.11,-0.45,13.587,5.02
1553,1,7.22,196.393,-0.15,1.096,-0.25,-0.21,-0.39,13.531,4.349
1554,1,8.079,195.17,-0.14,0.997,-0.26,-0.26,-0.46,13.607,4.867
1555,0,7.874,231.024,-0.13,0.997,-0.26,-0.24,-0.51,13.681,4.199
1556,0,7.563,199.68,-0.13,1.039,-0.27,-0.36,-0.46,13.599,4.922
1557,1,8.144,200.867,-0.13,1.096,-0.28,-0.25,-0.51,13.666,3.748
1558,2,8.13,183.219,-0.13,1.048,-0.29,-0.08,-0.64,13.691,4.838
1559,4,8.415,191.052,-0.12,1.101,-0.29,-0.08,-0.65,13.713,4.211
1560,4,6.814,212.592,-0.1,1.114,-0.29,-0.04,-0.54,13.763,5.656
1561,1,8.39,190.753,-0.11,1.08,-0.28,-0.19,-0.44,13.704,5.715
1562,5,7.594,200.425,-0.11,1.127,-0.27,-0.19,-0.39,13.707,5.686
1563,4,7.473,207.987,-0.11,1.13,-0.26,-0.11,-0.38,13.702,5.321
1564,4,6.956,211.664,-0.12,1.184,-0.25,0.05,-0.37,13.314,4.553
1565,3,7.468,209.708,-0.11,1.197,-0.25,0.06,-0.45,13.277,4.153
1566,4,7.71,198.103,-0.11,1.159,-0.24,-0.13,-0.51,13.3,3.445
1567,5,8.345,179.345,-0.1,1.169,-0.25,-0.09,-0.45,13.415,4.098
1568,9,6.5,218.18,-0.1,1.102,-0.25,-0.09,-0.43,13.578,2.978
1569,6,7.478,226.969,-0.1,1.112,-0.26,-0.2,-0.52,13.482,4.15
1570,7,7.116,236.219,-0.09,1.086,-0.27,-0.37,-0.68,13.518,4.988
1571,5,7.789,216.672,-0.09,0.98,-0.28,-0.5,-0.8,13.59,3.783
1572,6,6.55,208.381,-0.08,1.016,-0.29,-0.29,-0.74,13.529,4.635
1573,5,7.014,228.461,-0.06,1.016,-0.3,-0.32,-0.66,13.628,4.941
1574,3,7.875,189.245,-0.06,1.001,-0.32,-0.33,-0.66,13.688,4.367
1575,3,7.963,193.092,-0.07,1.118,-0.34,-0.11,-0.76,13.768,5.28
1576,4,7.799,216.462,-0.08,0.947,-0.37,-0.46,-0.83,13.681,4.917
1577,3,7.608,211.232,-0.08,1.049,-0.39,-0.34,-0.84,13.425,4.179
1578,3,7.992,210.673,-0.08,0.938,-0.41,-0.41,-0.99,13.537,4.034
1579,2,7.237,234.219,-0.07,0.851,-0.42,-0.56,-1.26,13.646,4.242
1580,4,7.813,199.482,-0.07,0.889,-0.42,-0.59,-1.23,13.438,4.32
1581,3,7.782,210.802,-0.08,0.897,-0.41,-0.56,-0.86,13.543,4.692
1582,4,7.644,218.47,-0.1,0.931,-0.4,-0.34,-0.62,13.381,3.398
1583,3,8.468,209.613,-0.1,1.021,-0.38,-0.43,-0.62,13.436,5.494
1584,2,8.285,206.226,-0.12,0.947,-0.37,-0.28,-0.75,13.49,4.8
1585,3,7.078,223.4,-0.12,0.895,-0.37,-0.51,-0.84,13.371,4.103
1586,3,6.963,188.042,-0.12,1.005,-0.37,-0.22,-0.78,13.685,4.685
1587,4,7.022,195.28,-0.12,0.957,-0.39,-0.73,-0.67,13.317,4.27
1588,5,7.253,208.746,-0.12,0.943,-0.41,-0.56,-0.68,13.05,3.663
1589,4,7.47,204.148,-0.12,0.866,-0.42,-0.8,-0.83,12.959,3.865
1590,4,8.031,156.862,-0.13,0.897,-0.43,-0.52,-0.96,13.194,3.794
1591,5,8.057,198.417,-0.12,0.835,-0.43,-0.61,-0.94,13.363,4.873
1592,5,7.168,212.696,-0.13,0.9,-0.42,-0.46,-0.92,13.639,4.789
1593,5,7.47,221.007,-0.12,0.873,-0.4,-0.69,-0.8,13.529,4.641
1594,5,6.225,211.393,-0.12,0.981,-0.38,-0.38,-0.63,13.616,3.83
1595,6,7.656,204.051,-0.11,0.907,-0.36,-0.46,-0.62,13.641,5.346
1596,5,8.329,213.659,-0.14,0.867,-0.35,-0.75,-0.65,13.744,4.148
1597,5,6.475,226.559,-0.16,0.905,-0.35,-0.42,-0.61,13.523,4.066
1598,5,6.957,210.428,-0.16,0.948,-0.37,-0.5,-0.58,13.497,3.297
1599,4,7.714,170.057,-0.17,0.989,-0.38,-0.33,-0.71,13.463,3.152
1600,7,6.245,211.629,-0.18,0.939,-0.41,-0.53,-0.87,13.278,2.955
1601,5,7.189,207.314,-0.19,0.745,-0.42,-0.88,-0.78,12.935,4.038
1602,5,7.493,200.593,-0.21,0.745,-0.43,-0.77,-0.65,12.934,2.673
1603,5,8.582,174.671,-0.23,0.857,-0.42,-0.67,-0.64,13.001,2.997
1604,5,8.014,202.346,-0.25,0.922,-0.41,-0.61,-0.64,13.166,3.852
1605,5,8.022,191.163,-0.24,0.82,-0.4,-0.75,-0.63,13.423,2.921
1606,6,8.286,201.076,-0.24,0.798,-0.38,-0.57,-0.68,13.455,3.373
1607,5,6.758,210.995,-0.23,0.828,-0.38,-0.68,-0.76,13.315,3.134
1608,4,7.899,202.983,-0.21,0.782,-0.37,-0.64,-0.75,13.434,2.418
1609,6,7.736,206.204,-0.21,0.766,-0.38,-0.61,-0.63,13.405,4.498
1610,6,7.839,205.306,-0.21,0.772,-0.38,-0.38,-0.55,13.483,4.577
1611,7,7.769,204.724,-0.21,0.84,-0.39,-0.4,-0.57,13.62,4.239
1612,6,8.353,200.816,-0.21,0.809,-0.39,-0.4,-0.66,13.671,4.854
1613,6,7.308,217.184,-0.2,0.784,-0.38,-0.39,-0.71,13.282,3.118
1614,5,6.888,205.805,-0.19,0.84,-0.38,-0.42,-0.64,13.128,2.902
1615,4,7.517,181.924,-0.19,0.815,-0.37,-0.43,-0.48,13.29,3.569
1616,4,8.8,172.505,-0.21,0.887,-0.37,-0.29,-0.38,13.54,3.9
1617,4,7.646,203.994,-0.22,0.872,-0.37,-0.37,-0.42,13.444,3.848
1618,6,7.741,207.406,-0.22,0.744,-0.38,-0.49,-0.52,13.538,4.97
1619,5,7.101,198.698,-0.23,0.794,-0.39,-0.43,-0.52,13.547,4.582
1620,5,7.063,193.602,-0.23,0.8,-0.41,-0.55,-0.47,13.47,3.345
1621,5,6.947,199.935,-0.23,0.845,-0.41,-0.3,-0.52,13.345,3.699
1622,5,7.699,201.559,-0.24,0.735,-0.41,-0.49,-0.61,13.285,4.021
1623,4,7.178,195.306,-0.24,0.82,-0.41,-0.45,-0.63,13.141,4.015
1624,3,8.816,204.124,-0.25,0.806,-0.4,-0.41,-0.58,13.123,3.041
1625,5,7.758,196.449,-0.26,0.89,-0.38,-0.39,-0.54,13.255,3.389
1626,5,7.533,193.692,-0.25,0.863,-0.37,-0.33,-0.63,13.187,3.268
1627,6,7.308,226.34,-0.25,0.862,-0.36,-0.44,-0.61,13.156,3.377
1628,6,7.543,213.835,-0.26,0.795,-0.35,-0.56,-0.53,13.345,3.571
1629,5,8.283,193.258,-0.26,0.887,-0.36,-0.36,-0.54,13.516,4.454
1630,3,7.696,176.631,-0.26,0.848,-0.37,-0.37,-0.67,13.545,3.689
1631,3,8.159,177.837,-0.25,0.8,-0.37,-0.54,-0.85,13.38,4.104
1632,4,7.693,185.164,-0.24,0.828,-0.37,-0.34,-0.87,13.673,3.972
1633,4,7.474,198.544,-0.24,0.813,-0.37,-0.45,-0.68,13.638,4.291
1634,4,6.989,170.541,-0.24,0.828,-0.36,-0.39,-0.52,13.525,3.942
1635,3,7.621,201.628,-0.23,0.838,-0.35,-0.6,-0.46,13.731,5.363
1636,3,7.814,199.595,-0.24,0.854,-0.34,-0.38,-0.47,13.562,3.351
1637,3,7.94,204.987,-0.24,0.921,-0.34,-0.28,-0.55,13.571,4.238
1638,3,8.144,200.73,-0.25,0.863,-0.36,-0.22,-0.55,13.66,3.62
1639,4,7.575,206.032,-0.25,0.884,-0.38,-0.45,-0.43,13.316,3.709
1640,6,6.952,225.025,-0.23,0.995,-0.41,-0.18,-0.44,13.327,2.897
1641,5,7.708,207.48,-0.23,0.797,-0.44,-0.61,-0.71,13.033,2.613
1642,7,7.74,189.212,-0.24,0.723,-0.47,-0.8,-0.9,12.963,3.072
1643,8,7.112,195.525,-0.26,0.774,-0.49,-0.66,-0.84,13.013,3.094
1644,8,7.911,198.357,-0.25,0.692,-0.49,-0.61,-0.74,13.134,2.65
1645,8,7.505,192.48,-0.23,0.813,-0.48,-0.65,-0.72,13.256,2.997
1646,5,8.137,208.486,-0.23,0.836,-0.46,-0.56,-0.74,13.37,3.243
1647,6,8.282,205.2,-0.21,0.766,-0.43,-0.57,-0.68,13.454,4.206
1648,9,7.189,216.083,-0.21,0.877,-0.41,-0.45,-0.5,13.429,3.908
1649,6,7.747,208.206,-0.21,0.853,-0.39,-0.43,-0.39,13.434,4.372
1650,8,7.598,226.166,-0.19,0.904,-0.39,-0.33,-0.38,13.292,4.242
1651,7,7.691,217.217,-0.18,0.928,-0.39,-0.42,-0.46,13.301,3.284
1652,6,7.83,181.345,-0.17,0.877,-0.4,-0.51,-0.62,13.38,3.832
1653,6,8.125,189.783,-0.16,0.835,-0.41,-0.4,-0.72,13.267,4.054
1654,6,7.376,209.216,-0.15,0.832,-0.42,-0.36,-0.79,13.297,5.051
1655,7,7.469,208.673,-0.15,0.914,-0.41,-0.34,-0.81,13.359,5.056
1656,8,7.908,201.12,-0.15,0.972,-0.41,-0.24,-0.7,13.354,5.018
1657,8,6.715,211.268,-0.16,0.917,-0.39,-0.23,-0.57,13.464,4.613
1658,9,7.406,203.653,-0.16,0.975,-0.37,-0.1,-0.55,13.376,3.614
1659,8,6.858,226.976,-0.15,0.973,-0.35,-0.21,-0.55,13.571,4.034
1660,5,8.151,198.16,-0.14,1.03,-0.33,-0.24,-0.51,13.561,4.832
1661,4,8.52,181.077,-0.15,1.036,-0.32,-0.25,-0.49,13.467,4.417
1662,4,7.006,208.922,-0.15,0.995,-0.32,-0.35,-0.54,13.449,4.923
1663,4,7.747,227.878,-0.16,0.924,-0.33,-0.52,-0.58,13.607,6.116
1664,4,6.945,242.938,-0.17,1.079,-0.35,-0.37,-0.6,13.489,4.91
1665,6,7.271,213.344,-0.17,1.025,-0.36,-0.34,-0.6,13.582,5.171
1666,7,7.522,164.869,-0.17,1.027,-0.37,-0.37,-0.53,13.474,5.299
1667,7,7.724,221.004,-0.17,0.934,-0.38,-0.51,-0.61,13.202,3.815
1668,4,7.569,197.869,-0.16,1.005,-0.38,-0.32,-0.82,13.115,3.368
1669,2,7.196,125.394,-0.17,0.98,-0.39,-0.27,-0.85,13.132,3.307
1670,1,8.056,219.201,-0.18,0.9,-0.39,-0.52,-0.68,13.471,4.814
1671,2,7.4,164.275,-0.19,0.972,-0.39,-0.47,-0.49,13.477,3.838
1672,2,7.936,210.508,-0.2,1.031,-0.4,-0.23,-0.44,13.48,3.262
1673,2,7.013,209.689,-0.22,1.003,-0.41,-0.33,-0.51,13.645,4.398
1674,3,7.408,197.231,-0.23,0.915,-0.42,-0.65,-0.61,13.265,4.946
1675,4,7.14,213.777,-0.24,0.889,-0.43,-0.56,-0.71,13.242,4.264
1676,4,7.169,182.389,-0.24,0.875,-0.44,-0.56,-0.74,13.354,4.055
1677,4,7.524,219.462,-0.25,0.85,-0.44,-0.76,-0.7,13.322,3.776
1678,4,7.436,187.858,-0.26,0.918,-0.44,-0.55,-0.66,13.19,4.189
1679,4,7.937,208.571,-0.27,0.892,-0.43,-0.58,-0.65,13.267,4.845
1680,1,7.641,193.599,-0.27,0.916,-0.42,-0.7,-0.69,13.409,3.623
1681,1,8.132,168.522,-0.29,0.822,-0.41,-0.4,-0.68,13.196,3.643
1682,0,7.95,202.713,-0.28,0.921,-0.39,-0.44,-0.54,13.084,3.737
1683,2,6.543,183.154,-0.27,1.043,-0.38,-0.33,-0.54,13.266,4.813
1684,1,7.361,177.122,-0.25,0.952,-0.38,-0.42,-0.73,13.139,3.377
1685,4,8.161,188.473,-0.24,0.935,-0.37,-0.62,-0.86,13.147,4.158
1686,2,8.045,165.584,-0.23,0.982,-0.37,-0.39,-0.84,13.436,3.788
1687,2,7.389,196.795,-0.22,0.999,-0.37,-0.5,-0.69,13.438,2.764
1688,5,7.088,212.688,-0.21,0.997,-0.36,-0.58,-0.63,13.291,4.151
1689,8,7.739,225.44,-0.21,1.029,-0.35,-0.39,-0.76,13.12,3.652
1690,7,6.9,199.611,-0.22,0.988,-0.34,-0.38,-0.84,13.073,2.992
1691,6,6.504,183.686,-0.21,1.051,-0.34,-0.2,-0.73,13.105,2.798
1692,7,7.45,213.502,-0.22,1.023,-0.34,-0.41,-0.64,13.149,2.816
1693,5,7.033,237.923,-0.23,1.106,-0.34,-0.19,-0.62,13.16,4.566
1694,4,6.188,193.869,-0.24,1.087,-0.34,-0.18,-0.6,13.173,3.843
1695,5,6.969,201.651,-0.25,1.066,-0.35,-0.4,-0.62,13.049,3.425
1696,5,6.288,210.242,-0.26,0.963,-0.35,-0.58,-0.71,12.788,3.328
1697,5,6.457,204.645,-0.26,1.01,-0.36,-0.6,-0.79,13.036,3.679
1698,4,7.393,235.227,-0.26,0.953,-0.36,-0.83,-0.83,13.11,3.792
1699,3,7.623,185.755,-0.26,0.794,-0.37,-0.99,-0.8,13.172,4.406
1700,2,7.516,231.838,-0.27,0.858,-0.37,-0.79,-0.67,13.171,4.269
1701,2,8.003,167.198,-0.27,0.842,-0.38,-0.75,-0.58,13.17,4.592
1702,3,7.601,200.434,-0.25,0.926,-0.39,-0.57,-0.6,13.249,4.065
1703,3,7.843,208.164,-0.24,0.889,-0.4,-0.51,-0.68,13.282,3.201
1704,4,7.781,173.175,-0.24,0.924,-0.41,-0.5,-0.63,13.175,2.92
1705,3,7.324,193.396,-0.22,0.841,-0.41,-0.65,-0.5,13.148,3.061
1706,3,8.718,164.955,-0.21,0.872,-0.41,-0.65,-0.57,13.289,3.886
1707,3,8.504,221.24,-0.19,1.02,-0.41,-0.22,-0.82,13.345,4.79
1708,3,6.625,211.67,-0.19,0.985,-0.4,-0.43,-0.88,13.567,4.575
1709,3,7.595,196.535,-0.21,0.96,-0.38,-0.64,-0.72,13.296,3.027
1710,4,8.223,191.653,-0.2,0.882,-0.37,-0.43,-0.59,13.373,3.408
1711,3,8.197,232.905,-0.18,0.898,-0.36,-0.73,-0.56,13.636,4.161
1712,3,7.77,223.784,-0.17,0.944,-0.35,-0.55,-0.56,13.383,4.526
1713,2,6.949,209.985,-0.17,1.002,-0.34,-0.47,-0.57,13.463,4.183
1714,3,7.237,194.545,-0.16,0.922,-0.33,-0.67,-0.59,13.308,4.127
1715,4,7.085,212.25,-0.13,1.002,-0.33,-0.31,-0.62,13.283,3.916
1716,5,6.957,212.019,-0.15,0.974,-0.32,-0.49,-0.65,13.458,3.401
1717,4,7.234,196.972,-0.13,0.992,-0.31,-0.59,-0.63,13.391,4.041
1718,4,8.354,206.076,-0.14,0.969,-0.3,-0.54,-0.56,13.447,5.146
1719,2,7.994,215.102,-0.13,0.971,-0.29,-0.32,-0.44,13.285,4.665
1720,2,7.458,248.481,-0.11,0.951,-0.28,-0.25,-0.32,13.705,5.273
1721,1,7.747,217.182,-0.11,0.949,-0.26,-0.41,-0.39,13.61,3.124
1722,1,8.148,213.921,-0.12,1.027,-0.25,-0.1,-0.59,13.668,4.581
1723,1,8.702,191.031,-0.11,0.91,-0.23,-0.3,-0.63,13.571,4.732
1724,0,7.501,177.61,-0.11,1.061,-0.22,-0.18,-0.49,13.378,3.43
1725,0,7,231.843,-0.12,1.093,-0.21,-0.22,-0.33,13.659,3.919
1726,0,8.071,215.993,-0.13,0.99,-0.21,-0.04,-0.2,13.594,4.259
1727,1,8.19,219.854,-0.12,1.129,-0.22,0.03,-0.19,13.576,4.468
1728,1,7.632,196.03,-0.13,0.994,-0.23,-0.35,-0.39,13.336,4.596
1729,2,7.91,200.14,-0.14,1.053,-0.24,-0.11,-0.64,13.267,4.891
1730,1,7.733,219.744,-0.14,1.041,-0.26,-0.32,-0.67,13.496,4.435
1731,1,7.869,198.638,-0.15,0.985,-0.28,-0.36,-0.61,13.353,3.653
1732,1,8.087,203.679,-0.15,1.023,-0.29,-0.35,-0.63,13.632,5.075
1733,2,8.297,214.692,-0.15,0.947,-0.3,-0.22,-0.68,13.605,5.214
1734,2,7.971,233.869,-0.15,1.034,-0.3,-0.37,-0.77,13.586,5.935
1735,3,8.194,203.383,-0.14,0.953,-0.3,-0.53,-0.84,13.493,5.039
1736,4,8.354,189.887,-0.14,0.945,-0.29,-0.39,-0.74,13.658,4.234
1737,5,7.876,229.408,-0.15,0.965,-0.28,-0.36,-0.7,13.577,4.489
1738,4,8.093,206.255,-0.14,0.997,-0.27,-0.4,-0.76,13.469,4.524
1739,3,6.33,212.952,-0.14,0.964,-0.26,-0.1,-0.78,13.334,3.756
1740,3,7.018,220.336,-0.14,0.905,-0.25,-0.51,-0.7,13.572,4.812
1741,4,7.688,200.131,-0.15,0.907,-0.25,-0.67,-0.61,13.755,4.49
1742,4,7.117,193.042,-0.15,0.919,-0.25,-0.65,-0.59,13.709,4.555
1743,3,7.588,182.317,-0.15,0.937,-0.25,-0.52,-0.54,13.741,4.691
1744,3,7.685,200.061,-0.15,0.946,-0.25,-0.64,-0.52,13.668,2.944
1745,4,7.88,191.125,-0.16,0.94,-0.25,-0.52,-0.47,13.656,4.62
1746,3,7.677,188.312,-0.17,0.94,-0.25,-0.58,-0.29,13.644,4.726
1747,2,7.821,198.843,-0.17,1.01,-0.25,-0.44,-0.22,13.556,4.713
1748,2,8.054,217.786,-0.15,0.977,-0.25,-0.32,-0.35,13.617,4.967
1749,1,8.207,160.261,-0.16,0.923,-0.25,-0.28,-0.42,13.771,4.809
1750,1,7.904,216.307,-0.15,0.96,-0.26,-0.34,-0.4,13.605,3.342
1751,1,7.879,213.069,-0.15,0.97,-0.26,-0.48,-0.49,13.554,4.84
1752,1,8.073,184.689,-0.15,0.993,-0.27,-0.29,-0.7,13.46,3.891
1753,1,7.882,186.822,-0.15,0.959,-0.27,-0.35,-0.79,13.488,4.553
1754,1,7.063,146.649,-0.15,1.01,-0.28,-0.24,-0.63,13.672,5.008
1755,1,8.375,211.79,-0.14,0.949,-0.27,-0.37,-0.46,13.643,4.758
1756,2,7.456,180.231,-0.12,1.01,-0.27,-0.26,-0.42,13.549,4.51
1757,2,7.867,200.374,-0.11,1.092,-0.26,-0.22,-0.41,13.62,4.24
1758,2,7.993,198.363,-0.1,1.02,-0.25,-0.19,-0.39,13.703,4.535
1759,2,7.59,200.737,-0.11,1,-0.24,-0.26,-0.37,13.756,4.628
1760,2,8.208,209.264,-0.1,0.997,-0.23,-0.31,-0.26,13.682,5.718
1761,2,8.456,208.636,-0.1,1.057,-0.22,0.05,-0.2,13.737,5.822
1762,4,7.404,193.999,-0.09,1.057,-0.21,-0.2,-0.3,13.696,4.356
1763,2,8.163,220.631,-0.09,1.08,-0.21,0.08,-0.42,13.682,4.671
1764,1,7.783,201.46,-0.08,0.95,-0.21,-0.28,-0.41,13.68,3.701
1765,1,7.612,205.935,-0.09,1.018,-0.21,-0.26,-0.34,13.554,3.658
1766,1,7.944,190.652,-0.09,1.077,-0.22,-0.11,-0.28,13.698,4.687
1767,1,7.46,211.696,-0.1,1.072,-0.23,-0.13,-0.26,13.684,4.688
1768,3,7.941,227.508,-0.1,0.984,-0.24,-0.3,-0.33,13.695,4.456
1769,3,7.603,207.841,-0.1,1.006,-0.25,-0.39,-0.4,13.582,3.865
1770,3,7.559,229.966,-0.09,0.933,-0.26,-0.33,-0.41,13.604,5.08
1771,2,7.45,209.323,-0.08,0.994,-0.27,-0.37,-0.41,13.752,4.555
1772,2,8.282,203.225,-0.1,1.036,-0.27,-0.25,-0.42,13.843,5.389
1773,3,8.345,217.538,-0.11,1.013,-0.26,-0.4,-0.41,13.795,4.498
1774,2,7.798,210.684,-0.11,1.047,-0.25,-0.09,-0.37,13.641,5.071
1775,0,8.097,218.67,-0.11,1.104,-0.24,-0.05,-0.32,13.765,5.116
1776,0,7.727,176.007,-0.1,0.992,-0.23,-0.18,-0.38,13.766,4.84
1777,0,7.582,189.179,-0.1,1.073,-0.23,-0.15,-0.46,13.774,4.031
1778,1,8.304,198.864,-0.13,1.079,-0.23,-0.11,-0.37,13.97,5.09
1779,1,8.553,212.528,-0.15,1.022,-0.23,-0.43,-0.3,13.944,4.939
1780,1,8.087,202.829,-0.17,1.016,-0.24,-0.41,-0.41,13.729,3.807
1781,1,8.569,187.825,-0.17,1.067,-0.24,-0.18,-0.64,13.781,4.935
1782,1,7.589,216.133,-0.18,0.997,-0.24,-0.31,-0.81,13.826,4.716
1783,1,7.758,180.428,-0.17,0.931,-0.24,-0.52,-0.7,13.452,4.537
1784,2,7.206,187.424,-0.15,1.092,-0.24,-0.36,-0.49,13.514,4.509
1785,0,6.834,190.231,-0.15,1.061,-0.23,-0.31,-0.43,13.634,5.568
1786,0,7.061,196.572,-0.15,1.085,-0.22,-0.5,-0.47,13.584,5.145
1787,1,7.961,207.319,-0.14,1.049,-0.22,-0.44,-0.49,13.507,4.945
1788,2,7.043,187.396,-0.14,0.944,-0.22,-0.49,-0.49,13.889,4.703
1789,4,8.534,213.683,-0.11,1.008,-0.22,-0.48,-0.46,13.794,4.216
1790,4,8.253,206.67,-0.1,0.982,-0.23,-0.48,-0.4,13.609,4.98
1791,1,8.022,192.427,-0.09,1.004,-0.24,-0.4,-0.34,13.712,4.416
1792,4,8.085,229.564,-0.11,0.964,-0.24,-0.32,-0.32,13.69,3.899
1793,3,8.265,175.632,-0.11,0.971,-0.24,-0.32,-0.37,13.637,4.396
1794,4,7.981,195.054,-0.1,1.052,-0.24,-0.43,-0.5,13.548,4.385
1795,3,8.613,200.543,-0.12,1.018,-0.24,-0.41,-0.6,13.697,3.919
1796,3,7.861,181.026,-0.12,1.029,-0.23,-0.36,-0.46,13.495,4.726
1797,5,8.746,211.402,-0.12,1.02,-0.23,-0.52,-0.36,13.682,5.193
1798,6,7.632,197.525,-0.11,1.075,-0.23,-0.39,-0.38,13.737,5.469
1799,3,6.892,207.947,-0.1,1.07,-0.24,-0.48,-0.36,13.676,4.258
1800,3,8.092,205.77,-0.09,0.945,-0.24,-0.64,-0.38,13.84,4.949
1801,3,8.29,203.279,-0.09,1.125,-0.25,-0.4,-0.42,13.832,5.007
1802,3,7.611,178.228,-0.09,1.057,-0.25,-0.29,-0.31,13.83,4.914
1803,3,7.825,194.716,-0.07,1.006,-0.25,-0.37,-0.26,13.736,4.47
1804,4,7.089,197.511,-0.07,1.074,-0.25,-0.37,-0.35,13.692,5.581
1805,5,7.349,198.462,-0.09,1.045,-0.25,-0.17,-0.4,13.896,4.229
1806,6,8.294,199.503,-0.11,1.013,-0.25,-0.36,-0.42,13.753,4.846
1807,6,7.986,200.447,-0.12,1.003,-0.26,-0.25,-0.42,13.899,4.975
1808,7,7.193,210.485,-0.13,1.04,-0.28,-0.09,-0.38,13.777,3.852
1809,8,7.447,196.854,-0.15,1.012,-0.31,-0.44,-0.33,13.332,4.816
1810,7,7.326,200.843,-0.18,0.888,-0.34,-0.47,-0.36,13.007,4.117
1811,6,8.673,200.15,-0.2,0.953,-0.37,-0.35,-0.54,13.254,3.948
1812,7,6.881,190.171,-0.21,0.811,-0.39,-0.67,-0.84,13.231,3.239
1813,5,7.049,191.047,-0.22,0.879,-0.4,-0.64,-0.98,13.524,4.412
1814,3,7.494,179.864,-0.24,0.854,-0.41,-0.7,-0.86,13.472,2.45
1815,4,7.469,202.479,-0.25,0.83,-0.41,-0.79,-0.74,12.991,3.765
1816,2,7.582,213.243,-0.25,0.761,-0.4,-0.72,-0.67,12.823,2.82
1817,2,7.473,206.716,-0.23,0.884,-0.4,-0.75,-0.57,12.955,3.634
1818,1,8.293,190.532,-0.23,0.8,-0.4,-0.83,-0.57,13.145,2.659
1819,2,7.748,198.602,-0.22,0.817,-0.4,-0.6,-0.63,13.34,4.579
1820,4,7.542,193.023,-0.23,0.815,-0.41,-0.72,-0.59,13.417,4.439
1821,7,8.505,214.33,-0.22,0.773,-0.41,-0.91,-0.53,13.185,3.064
1822,3,8.252,191.396,-0.21,0.833,-0.41,-0.73,-0.6,13.256,4.924
1823,5,8.419,195.874,-0.2,0.944,-0.4,-0.54,-0.7,13.355,4.843
1824,3,8.522,218.368,-0.18,0.872,-0.38,-0.6,-0.7,13.29,3.823
1825,3,7.896,199.624,-0.18,0.909,-0.37,-0.61,-0.57,13.321,4.686
1826,4,8.147,182.192,-0.16,1.041,-0.34,-0.52,-0.4,13.487,5.03
1827,3,8.209,212.63,-0.16,1.022,-0.32,-0.68,-0.29,13.696,3.811
1828,3,7.441,209.385,-0.17,0.988,-0.31,-0.19,-0.3,13.696,4.9
1829,3,6.008,208.086,-0.19,1.02,-0.31,-0.27,-0.37,13.516,4.443
1830,6,7.793,214.507,-0.21,0.948,-0.31,-0.55,-0.38,13.545,4.211
1831,6,8.113,195.615,-0.21,1,-0.32,-0.46,-0.42,13.248,3.301
1832,4,7.282,182.875,-0.22,1.028,-0.34,-0.44,-0.47,13.152,3.797
1833,2,8.167,220.071,-0.23,0.942,-0.36,-0.45,-0.48,13.27,4.436
1834,3,8.822,178.934,-0.24,1.03,-0.37,-0.44,-0.58,13.353,4.21
1835,1,7.301,188.466,-0.25,0.99,-0.38,-0.67,-0.73,13.268,4.863
1836,1,7.746,211.649,-0.26,0.937,-0.39,-0.72,-0.78,13.347,4.74
1837,1,6.327,190.253,-0.28,0.854,-0.4,-1.01,-0.67,13.401,5.576
1838,1,7.286,206.126,-0.28,0.841,-0.4,-0.76,-0.5,13.621,4.522
1839,1,7.475,197.377,-0.27,0.938,-0.4,-0.73,-0.42,13.795,4.447
1840,1,6.521,187.662,-0.25,0.942,-0.41,-0.75,-0.45,13.593,5.016
1841,1,8.245,210.475,-0.23,0.882,-0.42,-0.79,-0.56,13.648,4.997
1842,2,8.106,185.688,-0.21,0.983,-0.42,-0.57,-0.62,13.543,3.689
1843,2,7.435,206.25,-0.2,0.888,-0.43,-0.7,-0.6,13.427,3.95
1844,1,6.923,192.277,-0.19,0.948,-0.42,-0.65,-0.63,13.621,3.214
1845,0,7.53,215.982,-0.18,0.95,-0.41,-0.64,-0.6,13.659,3.624
1846,1,8.155,193.013,-0.16,1.065,-0.39,-0.55,-0.49,13.623,4.719
1847,1,7.378,194.722,-0.15,0.96,-0.37,-0.58,-0.42,13.655,4.334
1848,6,8.264,211.185,-0.13,1.081,-0.35,-0.53,-0.37,13.891,5.079
1849,3,7.042,197.701,-0.11,0.984,-0.32,-0.74,-0.35,13.756,4.708
1850,0,7.728,197.421,-0.11,0.994,-0.31,-0.64,-0.41,13.87,5.199
1851,0,7.817,216.748,-0.13,0.988,-0.29,-0.54,-0.41,13.817,4.577
1852,1,7.898,209.583,-0.15,1.097,-0.29,-0.43,-0.35,13.713,4.433
1853,1,6.992,186.13,-0.16,1.047,-0.29,-0.51,-0.26,13.647,4.264
1854,1,7.316,191.432,-0.16,1.062,-0.3,-0.44,-0.16,13.612,4.454
1855,0,7.438,189.276,-0.15,1.026,-0.31,-0.4,-0.26,13.728,5.831
1856,1,7.02,188.838,-0.16,1.048,-0.33,-0.55,-0.54,13.814,5.739
1857,1,7.914,158.815,-0.18,0.975,-0.34,-0.39,-0.58,13.853,5.105
1858,0,8.001,172.329,-0.19,1.043,-0.34,-0.19,-0.43,13.989,5.908
1859,1,8.156,202.684,-0.19,1.024,-0.34,-0.38,-0.3,14.003,4.732
1860,1,6.951,198.672,-0.2,1.087,-0.34,-0.42,-0.21,13.776,4.742
1861,2,7.588,195.119,-0.2,1.178,-0.33,-0.24,-0.21,13.808,5.793
1862,1,8.335,188.386,-0.18,1.07,-0.32,-0.58,-0.28,13.828,4.462
1863,1,7.976,179.569,-0.16,1.035,-0.32,-0.6,-0.36,13.872,4.826
1864,2,6.718,185.251,-0.15,1.027,-0.31,-0.57,-0.41,14.146,5.44
1865,0,8.429,179.547,-0.14,1.027,-0.31,-0.54,-0.44,13.886,5.046
1866,2,7.885,213.554,-0.13,1.094,-0.31,-0.58,-0.36,13.976,5.551
1867,1,7.01,209.361,-0.13,1.038,-0.31,-0.5,-0.22,13.875,4.672
1868,2,8.843,189.919,-0.11,1.073,-0.31,-0.35,-0.11,13.934,5.376
1869,0,7.401,194.435,-0.11,0.93,-0.31,-0.57,-0.11,14.034,3.972
1870,1,6.661,188.593,-0.11,1.04,-0.3,-0.37,-0.16,14.092,5.433
1871,2,7.008,188.388,-0.11,1.033,-0.29,-0.54,-0.15,14.018,5.666
1872,0,8.77,222.897,-0.1,1.001,-0.28,-0.56,-0.17,13.894,4.458
1873,0,8.061,184.552,-0.06,0.942,-0.25,-0.43,-0.25,13.869,5.177
1874,1,7.239,188.858,-0.08,0.956,-0.23,-0.54,-0.24,13.882,5.101
1875,1,6.892,193.371,-0.1,0.95,-0.22,-0.45,-0.22,13.973,4.905
1876,2,7.765,215.434,-0.1,1.009,-0.22,-0.56,-0.26,13.684,4.153
1877,1,7.365,208.149,-0.09,1.038,-0.22,-0.37,-0.28,13.785,4.912
1878,1,7.832,214.436,-0.12,1.012,-0.24,-0.35,-0.28,13.925,4.952
1879,0,6.612,192.805,-0.13,1.039,-0.27,-0.45,-0.35,13.807,4.707
1880,0,7.435,205.794,-0.14,1.094,-0.29,-0.47,-0.41,13.694,4.361
1881,0,7.46,189.147,-0.12,1.044,-0.32,-0.41,-0.4,13.657,4.148
1882,0,7.912,230.872,-0.11,1.091,-0.34,-0.29,-0.38,13.689,4.787
1883,0,7.797,202.722,-0.13,1.083,-0.34,-0.45,-0.47,13.587,4.697
1884,0,7.58,182.725,-0.16,1.013,-0.34,-0.46,-0.51,13.321,5.293
1885,1,7.236,199.704,-0.17,0.936,-0.32,-0.37,-0.43,13.544,4.961
1886,0,7.757,189.189,-0.17,1.05,-0.31,-0.52,-0.34,13.617,4.443
1887,0,6.961,179.684,-0.19,0.986,-0.29,-0.53,-0.29,13.758,3.751
1888,0,6.675,205.463,-0.21,0.963,-0.28,-0.54,-0.28,13.652,4.385
1889,0,7.695,196.741,-0.22,0.974,-0.28,-0.52,-0.31,13.795,5.423
1890,0,7.211,197.037,-0.22,0.983,-0.28,-0.44,-0.29,13.864,4.65
1891,0,7.605,207.765,-0.2,1.092,-0.28,-0.38,-0.21,13.869,3.235
1892,0,6.735,191.419,-0.19,1.067,-0.28,-0.63,-0.26,13.741,3.078
1893,0,7.931,184.514,-0.19,0.978,-0.28,-0.6,-0.38,13.846,4.507
1894,0,7.238,193.842,-0.18,1.055,-0.27,-0.42,-0.36,13.908,3.28
1895,0,7.779,187.487,-0.17,1.08,-0.25,-0.31,-0.27,13.745,4.158
1896,1,7.717,210.793,-0.15,1.15,-0.23,-0.35,-0.22,13.783,4.112
1897,1,8.228,203.503,-0.16,1.183,-0.21,-0.2,-0.13,13.753,5.271
1898,0,8.305,202.569,-0.16,1.091,-0.2,-0.42,-0.24,13.711,4.327
1899,0,7.635,204.235,-0.15,1.01,-0.2,-0.67,-0.48,13.78,5.398
1900,0,7.127,187.139,-0.15,1.071,-0.21,-0.53,-0.42,13.775,4.765
1901,0,8.251,192.482,-0.14,1.155,-0.22,-0.28,-0.25,13.785,4.674
1902,1,7.011,195.059,-0.17,1.119,-0.24,-0.34,-0.22,13.766,5.601
1903,1,7.918,221.187,-0.2,1.022,-0.25,-0.54,-0.26,13.513,5.537
1904,0,7.546,176.107,-0.22,1.099,-0.25,-0.51,-0.28,13.804,5.474
1905,1,7.989,207.741,-0.24,1.037,-0.25,-0.56,-0.24,13.932,5.027
1906,2,7.786,199.119,-0.27,1.13,-0.24,-0.4,-0.16,13.945,5.027
1907,3,7.629,196.064,-0.3,1.052,-0.22,-0.58,-0.02,14.018,4.452
1908,2,7.089,180.271,-0.31,1.156,-0.22,-0.31,0.05,13.906,4.434
1909,2,7.882,215.873,-0.3,1.194,-0.22,-0.57,-0.04,13.88,4.525
1910,2,8,208.647,-0.26,1.131,-0.22,-0.64,-0.13,14.008,4.079
1911,1,8.296,184.297,-0.27,1.131,-0.24,-0.43,-0.1,14.144,6.08
1912,0,7.706,220.561,-0.29,1.021,-0.26,-0.62,-0.06,13.727,4.308
1913,1,8.295,202.579,-0.28,0.952,-0.28,-0.38,0.03,13.879,4.313
1914,4,8.235,215.71,-0.27,1.035,-0.29,-0.29,0.1,13.794,5.151
1915,4,7.647,206.69,-0.25,1.132,-0.3,-0.36,0,13.833,3.661
1916,8,7.313,212.838,-0.23,1.035,-0.29,-0.39,-0.14,13.922,4.818
1917,10,7.849,198.358,-0.21,1.055,-0.28,-0.21,-0.15,14.059,5.605
1918,13,8.005,197.162,-0.19,1.094,-0.26,-0.38,-0.08,14.159,6.263
1919,8,7.484,207.577,-0.17,1.13,-0.24,-0.47,-0.03,14.307,5.86
1920,7,8.348,189.764,-0.16,1.093,-0.22,-0.32,0.01,14.163,5.604
1921,2,8.003,173.144,-0.15,1.122,-0.2,-0.26,0.08,14.095,4.495
1922,1,7.494,214.427,-0.13,1.214,-0.19,-0.37,0.05,14.145,5.259
1923,2,7.335,211.421,-0.09,1.196,-0.18,0.02,-0.06,14.08,5.383
1924,0,8.392,215.246,-0.09,1.144,-0.18,-0.16,-0.03,14.085,5.107
1925,0,7.793,214.287,-0.06,1.118,-0.19,-0.1,0.04,14.182,5.842
1926,0,8.141,210.759,-0.03,1.102,-0.19,-0.26,-0.02,14.05,5.234
1927,0,7.881,229.405,-0.02,1.199,-0.19,-0.12,-0.14,13.957,5.003
1928,0,6.931,194.282,-0.02,1.187,-0.19,-0.22,-0.25,14.059,4.804
1929,0,8.304,193.578,0,1.087,-0.19,-0.27,-0.31,13.908,4.264
1930,0,8.261,233.733,0.01,1.178,-0.19,0.01,-0.21,13.833,4.743
1931,0,7.438,197.184,0.02,1.126,-0.18,-0.27,-0.14,14.083,4.554
1932,1,7.998,200.134,0.03,1.2,-0.17,-0.23,-0.19,14.161,5.096
1933,0,7.763,177.832,0.05,1.157,-0.16,-0.08,-0.37,14.251,5.943
1934,2,8.947,208.528,0.07,1.164,-0.14,-0.01,-0.47,14.383,5.285
1935,2,8.258,220.348,0.1,1.271,-0.12,0.05,-0.32,14.235,5.669
1936,1,8.242,209.657,0.11,1.255,-0.09,0.02,-0.09,14.257,6.061
1937,2,8.618,200.508,0.11,1.301,-0.07,0.03,0.09,14.203,6.031
1938,1,8.842,210.351,0.12,1.323,-0.05,0.13,0.2,14.257,5.377
1939,4,7.09,197.68,0.17,1.147,-0.04,0.18,0.24,14.37,4.485
1940,8,7.069,210.302,0.18,1.184,-0.03,-0.04,0.25,14.192,4.39
1941,4,6.303,188.553,0.19,1.162,-0.03,0.21,0.2,14.259,6.184
1942,2,7.917,191.4,0.19,1.224,-0.04,0.33,0.11,14.172,4.648
1943,3,8.724,187.242,0.18,1.187,-0.05,0.37,0.02,14.198,5.294
1944,7,7.928,212.107,0.17,1.202,-0.08,0.2,-0.05,14.26,4.725
1945,6,8.41,198.475,0.15,1.253,-0.1,0.27,-0.07,14.171,5.321
1946,1,7.413,187.943,0.16,1.259,-0.12,0.3,-0.06,14.332,5.433
1947,1,8.834,198.008,0.16,1.146,-0.13,0.1,-0.1,14.314,5.163
1948,1,8.751,193.488,0.17,1.324,-0.13,0.07,-0.21,14.335,5.262
1949,1,8.598,200.665,0.16,1.112,-0.13,-0.28,-0.34,14.369,5.692
1950,0,8.518,221.368,0.13,1.333,-0.12,0.13,-0.35,14.324,5.005
1951,0,8.357,199.564,0.1,1.196,-0.1,-0.04,-0.19,14.404,5.999
1952,0,7.525,205.628,0.11,1.231,-0.08,-0.07,-0.1,14.421,5.094
1953,0,7.906,176.441,0.12,1.299,-0.06,0.13,-0.11,14.608,5.395
1954,0,8.094,225.635,0.13,1.229,-0.05,0.08,-0.12,14.482,5.754
1955,0,7.219,188.922,0.13,1.303,-0.04,0.17,-0.1,14.466,5.078
1956,1,7.754,207.117,0.15,1.294,-0.03,0.03,-0.07,14.441,4.684
1957,0,8.158,209.81,0.16,1.292,-0.04,0.06,-0.04,14.322,5.618
1958,0,7.951,203.161,0.16,1.338,-0.05,0.12,-0.08,14.478,4.575
1959,0,8.511,184.953,0.13,1.327,-0.06,0.09,-0.26,14.617,5.734
1960,0,8.553,227.861,0.12,1.248,-0.06,0.18,-0.45,14.643,5.766
1961,0,8.647,205.862,0.13,1.198,-0.07,0.1,-0.39,14.486,5.084
1962,0,6.281,185.291,0.15,1.207,-0.06,-0.16,-0.18,14.676,5.972
1963,0,7.817,185.728,0.14,1.212,-0.05,-0.15,-0.07,14.545,5.796
1964,0,7.861,197.205,0.13,1.232,-0.04,0.17,-0.05,14.413,5.626
1965,0,7.225,226.14,0.11,1.199,-0.03,0.05,-0.07,14.231,4.892
1966,0,8.137,231.525,0.09,1.154,-0.01,-0.03,-0.11,14.337,5.841
1967,0,8.292,219.732,0.07,1.33,0,0.12,-0.14,14.481,5.662
1968,2,7.769,202.303,0.07,1.175,0,-0.04,-0.11,14.42,5.239
1969,2,7.339,193.003,0.03,1.315,-0.01,0.05,-0.08,14.207,5.535
1970,2,8.017,214.382,0.04,1.178,-0.02,-0.15,-0.17,14.277,5.478
1971,2,8.002,173.964,0.03,1.021,-0.03,-0.13,-0.26,14.376,6.484
1972,2,8.32,195.341,0.03,1.082,-0.04,-0.14,-0.28,14.379,5.388
1973,2,8.372,193.266,0.03,1.152,-0.05,-0.22,-0.27,14.512,5.764
1974,2,8.554,216.679,0.03,1.136,-0.05,-0.28,-0.27,14.431,5.544
1975,2,8.409,184.292,0.04,1.169,-0.04,-0.29,-0.2,14.414,5.376
1976,2,7.942,184.093,0.07,1.209,-0.02,-0.17,-0.06,14.454,5.907
1977,2,7.904,207.49,0.09,1.268,0,-0.08,0.04,14.389,6.312
1978,2,7.174,203.024,0.13,1.212,0.03,-0.23,0.02,14.626,6.044
1979,2,7.839,215.695,0.12,1.195,0.05,0.01,-0.06,14.608,6.46
1980,2,7.45,223.948,0.13,1.217,0.08,-0.08,,14.738,5.276
1981,2,7.893,230.182,0.14,1.216,,-0.08,,14.646,6.285
1982,2,8.881,205.129,0.19,1.265,,0.33,,14.55,5.006
1983,2,8.667,206.803,0.21,1.264,,0.15,,14.339,5.581
1984,2,7.243,194.256,0.23,1.332,,0.09,,14.378,5.605
1985,2,7.456,215.346,0.27,1.271,,0.02,,14.378,5.587
1986,2,7.575,207.769,0.29,1.265,,0.05,,14.646,6.059
1987,2,8.001,227.841,0.28,1.167,,0.24,,14.672,5.813
1988,2,8.774,208.575,0.29,1.215,,0.19,,14.753,5.397
1989,3,9.444,208.308,0.3,1.237,,0.07,,14.662,5.3
1990,2,8.698,196.665,0.36,1.317,,0.17,,14.777,5.089
1991,5,,,,,,,,,
1992,5,,,,,,,,,
1993,5,,,,,,,,,
1994,5,,,,,,,,,
1995,5,,,,,,,,,
1996,3,,,,,,,,,
1997,3,,,,,,,,,
1998,3,,,,,,,,,
1999,2,,,,,,,,,
2000,,,,,,,,,,
